file_name,date,x_coordiate,y_coordiate,long_axis,short_axis,angle
BMGMC_013_baseline_6_24_15_layer1,2015-06-24,1293.0723398932621,221.51263342228151,236.42992039588705,96.872652753593243,1.5011072995267591
BMGMC_013_baseline_6_24_15_layer1,2015-06-24,657.50118401340274,363.02777196062954,386.26291332833233,153.47199266519164,1.4975324962404912
BMGMC_013_baseline_6_24_15_layer1,2015-06-24,832.49786908011299,308.53646506727961,291.96014400993448,68.310187490380699,-1.5116001770369079
BMGMC_013_baseline_6_24_15_layer1,2015-06-24,188.46861727229825,480.87804782129933,207.51789081841963,117.01656130346285,1.5093659990029618
BMGMC_013_baseline_6_24_15_layer1,2015-06-24,701.2414471707076,906.44332205558737,562.11480082521598,175.24070574888407,1.4101827883650389
BMGMC_013_baseline_6_24_15_layer1,2015-06-24,443.52599338821545,756.19051014455181,296.55070001475985,99.358877646030237,-1.4093776265166718
BMGMC_013_baseline_6_24_15_layer1,2015-06-24,1674.5,755.0,147.12420827291805,57.831841450189422,1.5707963267948966
BMGMC_013_baseline_6_24_15_layer1,2015-06-24,1001.8497894519862,840.69990282399363,258.97427697794842,125.2219396556397,-1.3373822576618346
BMGMC_013_baseline_6_24_15_layer1,2015-06-24,1835.5,890.0,256.38506954527173,158.63586576848564,-1.4401120418849076
BMGMC_013_baseline_6_24_15_layer1,2015-06-24,1289.9933665008291,1096.5086630340361,483.88766036709632,124.95423256104064,-1.408123425269773
BMGMC_013_baseline_6_24_15_layer1,2015-06-24,515.44411793904499,1074.0089149210762,280.06390394814002,171.73075931906985,1.3960579359335579
BMGMC_013_baseline_6_24_15_layer1,2015-06-24,1423.5,1354.0,290.80033647221035,186.06663084016347,1.5707963267948966
BMGMC_013_baseline_6_24_15_layer1,2015-06-24,1892.5,1504.0,408.89268912397375,115.02343484185872,1.5707963267948966
BMGMC_013_baseline_6_24_15_layer1,2015-06-24,475.01015206590239,1476.3850472114082,309.50680878342587,143.4502061394424,1.5165535133095487
BMGMC_013_baseline_6_24_15_layer2,2015-06-24,318.48663142719846,460.02917827967326,321.67034563262268,154.44771748615733,1.5181571985017219
BMGMC_013_baseline_6_24_15_layer2,2015-06-24,1217.5,635.5,559.71845438246669,177.7188241812473,1.4769250200215616
BMGMC_013_baseline_6_24_15_layer2,2015-06-24,854.32600488563185,782.28930712858096,204.80706684123268,83.985497475393757,1.5053611975357688
BMGMC_013_baseline_6_24_15_layer2,2015-06-24,297.6800059315579,1079.7867133102811,676.48924936337767,209.42566133631317,-1.5110903041432453
BMGMC_013_baseline_6_24_15_layer2,2015-06-24,1096.0043197810789,1175.0626563721657,551.34976416911491,177.2207540070186,1.5155336699331734
BMGMC_013_baseline_6_24_15_layer2,2015-06-24,1947.189072327044,1116.514858490566,217.22518437581178,111.84131658868567,-1.4786682440405483
BMGMC_013_baseline_6_24_15_layer3,2015-06-24,908.19033533086827,1195.7511028943006,404.60559567837834,185.11070206156444,1.4292269621507927
BMGMC_013_baseline_6_24_15_layer3,2015-06-24,1817.7834014996592,1130.9867501704159,185.91411253649514,120.56407076241281,-1.319681750069869
BMGMC_003_6_24_15_layer1,2015-06-24,1669.7682878547935,187.98952369350712,287.91116989164811,217.81930656933645,-1.2838941557534864
BMGMC_003_6_24_15_layer1,2015-06-24,884.0,414.5,350.42538770597139,129.47273362493951,1.5707963267948966
BMGMC_003_6_24_15_layer1,2015-06-24,628.7491291848562,692.94562158708914,594.24594230081379,105.64910811678533,1.557412327561756
BMGMC_003_6_24_15_layer1,2015-06-24,350.24176749488305,639.67538927895953,494.78470880012748,148.98535095127275,1.4174010887647976
BMGMC_003_6_24_15_layer1,2015-06-24,1349.4926236881558,600.2454872563718,306.99455146435366,103.73998934088382,1.3073126090584724
BMGMC_003_6_24_15_layer1,2015-06-24,1637.0,824.5,305.25590678391546,100.02992296866464,1.5707963267948966
BMGMC_003_6_24_15_layer1,2015-06-24,902.49470695985224,1005.2791156856371,474.16127774985108,253.97596078198052,1.5242794829490354
BMGMC_003_6_24_15_layer1,2015-06-24,1497.2981199449321,984.9420495611771,323.36135357452827,137.28687757221726,1.454711477108982
BMGMC_003_6_24_15_layer1,2015-06-24,1928.4948166688459,978.26114649681529,296.75711493708729,172.27684356814342,-1.3793941180040452
BMGMC_003_6_24_15_layer1,2015-06-24,250.19261371637796,990.67624278270671,270.22810671058107,100.37759160604087,-1.3315246175932736
BMGMC_003_6_24_15_layer1,2015-06-24,524.57242489270391,1040.7467811158799,128.57853970392549,27.69649516266297,1.3711526841304122
BMGMC_003_6_24_15_layer1,2015-06-24,718.84380863039405,1092.1100687929957,159.99067016036051,38.18285047312839,1.4051076304598373
BMGMC_003_6_24_15_layer1,2015-06-24,1170.8334036271615,1118.8373049346267,189.60763738254616,47.769754248464196,-1.4140371527525069
BMGMC_003_6_24_15_layer1,2015-06-24,1573.5012187071547,1362.2400853095007,404.10224561730405,93.074640910930043,-1.3758690380078569
BMGMC_003_6_24_15_layer1,2015-06-24,1190.9936131157435,1380.4966179687697,390.25347023902566,97.314542541509439,-1.325141802587837
BMGMC_003_6_24_15_layer1,2015-06-24,821.0,1426.0,162.34949136540723,105.16242979673017,1.5707963267948966
BMGMC_003_6_24_15_layer1,2015-06-24,343.9878859390364,1508.7152409046214,291.71263888204152,83.231778403418005,1.2766557625079902
BMGMC_003_6_24_15_layer2,2015-06-24,745.5,434.0,412.56984657979808,41.994582669015493,1.5707963267948966
BMGMC_003_6_24_15_layer2,2015-06-24,612.64323338735824,292.21586304700162,114.05471830697648,82.658795145235146,1.0635742672390385
BMGMC_003_6_24_15_layer2,2015-06-24,1033.0838543056457,588.5218903670949,511.57741680361352,195.87079067354628,-1.4193812343375276
BMGMC_003_6_24_15_layer2,2015-06-24,191.50234223086443,578.50353544281427,271.52517466780751,79.581873809344444,1.3093641893729919
BMGMC_003_6_24_15_layer2,2015-06-24,1599.1002386634846,564.83155865614094,181.20068903124027,57.414194519177329,-1.3715383244579198
BMGMC_003_6_24_15_layer2,2015-06-24,1255.4796815934865,1044.3348720558301,382.07267931040803,68.763418587225601,1.4072879491592325
BMGMC_003_6_24_15_layer2,2015-06-24,486.50822135405485,1168.9396814493625,265.14799522106125,83.891155753730189,1.2226361156571177
BMGMC_003_6_24_15_layer2,2015-06-24,421.92939873099004,1353.0694598314701,320.83362120065266,88.661198269527119,1.4554718892332361
BMGMC_003_6_24_15_layer2,2015-06-24,971.76566183635623,1464.23763870116,349.30232158449797,86.97278822043522,1.4724965468761504
BMGMC_003_6_24_15_layer2,2015-06-24,1286.6055305816647,1503.6214684647869,401.22337939877843,87.362936953670442,-1.5435279505869755
BMGMC_003_6_24_15_layer3,2015-06-24,1105.1235247836348,819.09411880409129,217.37819351843302,44.674476426769345,1.5011736613014255
BMGMC_003_6_24_15_layer3,2015-06-24,1145.1310886219617,1019.2378700463445,210.76124995982209,47.90853771915377,-1.4092979111337567
BMGMC_003_6_24_15_layer3,2015-06-24,1391.0525231901149,1170.7934803654093,440.01540247065333,123.30078669970658,1.4976079575726564
BMGMC_003_6_24_15_layer3,2015-06-24,1731.5146949994714,1475.9824505761708,208.25391037684079,86.749561828523099,-1.2964306743553622
BMGMC_003_6_24_15_layer3,2015-06-24,1086.5,1562.5,324.48309107297945,62.77762042999003,1.5707963267948966
BMGMC_003_6_24_15_layer4,2015-06-24,1309.6111037847818,849.10514747901004,244.0780302569907,89.009019749855483,1.5595596739426354
BMGMC_004_6_24_15_layer1,2015-06-24,674.74167043144337,366.21134515473233,433.97141799034927,77.933950273153286,-1.5308699706673203
BMGMC_004_6_24_15_layer1,2015-06-24,536.46425951158164,378.87537993920972,385.94707545650118,94.429642127075525,-1.4572052683951531
BMGMC_004_6_24_15_layer1,2015-06-24,209.70471464019852,509.75216411266643,296.6627137751824,169.9368666841475,-1.3801111773615649
BMGMC_004_6_24_15_layer1,2015-06-24,1029.7110975012249,622.18846153846152,313.74181948243256,124.24475733195113,-1.3961393699843154
BMGMC_004_6_24_15_layer1,2015-06-24,357.00449678800857,633.05535331905787,139.84352208346141,63.78203874422104,-1.2677363170521152
BMGMC_004_6_24_15_layer1,2015-06-24,456.5008332642783,932.4975278291854,581.14463820759147,178.46634920649842,-1.452362977085907
BMGMC_004_6_24_15_layer1,2015-06-24,240.19384536148846,1342.9643769179597,352.43438090032981,126.26249448772336,-1.4342135775555511
BMGMC_004_6_24_15_layer2,2015-06-24,605.24289464672984,185.22992048091922,233.69182820481541,107.40231118677688,1.350245483825177
BMGMC_004_6_24_15_layer2,2015-06-24,1201.5000116216906,424.99994189154637,501.51493297277989,163.84060921790027,-1.4426737457874981
BMGMC_004_6_24_15_layer2,2015-06-24,925.98323880470673,706.99503371991307,335.91095871254123,100.74911434472044,-1.4897180194379984
BMGMC_004_6_24_15_layer2,2015-06-24,621.49634611804129,887.95857382237944,473.73715055534331,86.616704854857019,-1.3845866606446882
BMGMC_004_6_24_15_layer2,2015-06-24,285.0,1108.0,121.44282992892393,71.029439686930331,-1.5318785906128403
BMGMC_005_6_24_15_layer1,2015-06-24,1167.25236083499,249.73878603379723,348.2801726728265,88.268320616756725,1.4810066360667771
BMGMC_005_6_24_15_layer1,2015-06-24,1502.2874405550792,558.97988617759415,277.36407372381825,88.324685922352757,1.3261831005309825
BMGMC_005_6_24_15_layer1,2015-06-24,541.0,564.0,139.88887122074701,113.93832071014347,1.5707963267948966
BMGMC_005_6_24_15_layer1,2015-06-24,722.54548234489948,811.49665425503213,521.18647165672155,203.71916389896973,1.4748624845039908
BMGMC_005_6_24_15_layer1,2015-06-24,976.01289982522815,742.50606153077922,296.94107082146309,115.92541815332834,1.5707562210604564
BMGMC_005_6_24_15_layer1,2015-06-24,448.52047905312156,938.5941615400809,401.11159539227714,101.77883540443004,1.4329073862236534
BMGMC_005_6_24_15_layer1,2015-06-24,243.49917413403764,1146.4872130415008,562.55835867835299,212.73368633304239,1.3767344837406732
BMGMC_005_6_24_15_layer1,2015-06-24,1257.4532712485645,1448.3773222797277,571.96081876052324,106.13663257061978,-1.5327597280112921
BMGMC_005_6_24_15_layer1,2015-06-24,905.51638644424008,1495.5297189018784,457.77011272099276,63.527911279049036,1.2908724564567136
BMGMC_005_6_24_15_layer2,2015-06-24,877.1248894208253,665.64830618723011,328.23839179384413,111.81582045340966,-1.425776397981851
BMGMC_005_6_24_15_layer2,2015-06-24,582.99611807429164,1042.0235647689628,566.24590333076662,148.14146483321915,1.3434442144193044
BMGMC_005_6_24_15_layer2,2015-06-24,1044.7132059387654,1062.2983164026425,405.1064801347618,165.9154701160636,-1.5495879877662875
BMGMC_005_6_24_15_layer3,2015-06-24,906.03275017125998,1159.5125414976023,270.13960190068372,134.16637503699948,1.0906897612298456
BMGMC_005_6_24_15_layer4,2015-06-24,880.60792330466654,975.08649372620891,130.85483801023634,103.52660323223866,-1.0962541473094924
BMGMC_013_baseline_7_1_15_layer1,2015-07-01,1294.180366469732,226.91715900333932,232.13474374776479,96.089598672929313,1.4388827967948361
BMGMC_013_baseline_7_1_15_layer1,2015-07-01,653.49903595806063,362.27056505523888,399.89478302948839,169.6774753776609,1.4975844739856587
BMGMC_013_baseline_7_1_15_layer1,2015-07-01,829.5,361.0,216.25819511214502,73.158443769237067,1.5707963267948966
BMGMC_013_baseline_7_1_15_layer1,2015-07-01,305.5,462.5,320.91558884364417,168.45684432828992,1.5707963267948966
BMGMC_013_baseline_7_1_15_layer1,2015-07-01,1249.4816958674096,772.7630937786123,312.69485301215582,196.78977103702124,-1.4530288911869218
BMGMC_013_baseline_7_1_15_layer1,2015-07-01,1681.7002921361711,750.74882251237102,214.29336861225093,74.748681181833774,1.4153732695339452
BMGMC_013_baseline_7_1_15_layer1,2015-07-01,847.5,776.5,211.63049332752544,93.944385411967986,1.5707963267948966
BMGMC_013_baseline_7_1_15_layer1,2015-07-01,1840.0078459814069,879.7302037317861,264.90970009783649,164.0209175403152,-1.4242777105240074
BMGMC_013_baseline_7_1_15_layer1,2015-07-01,1588.0,971.5,213.56178822096049,80.941526175353928,1.5707963267948966
BMGMC_013_baseline_7_1_15_layer1,2015-07-01,1105.2482290833973,1179.9834899127006,550.3807253179283,219.21761140214727,1.4888097707172445
BMGMC_013_baseline_7_1_15_layer1,2015-07-01,257.70326340326341,1063.7604312354313,346.87905724574046,141.72198294034408,-1.4940675762922371
BMGMC_013_baseline_7_1_15_layer1,2015-07-01,525.50379952958201,1068.2610638682829,273.45454638928203,193.00901989735445,1.4462823006034848
BMGMC_013_baseline_7_1_15_layer1,2015-07-01,1947.7365440247729,1110.7300655991526,219.87501889182695,106.59741284087924,-1.4813534847167702
BMGMC_013_baseline_7_1_15_layer1,2015-07-01,1424.7982979426588,1354.2545980335453,291.15967271976899,198.47403402954046,1.568859792807112
BMGMC_013_baseline_7_1_15_layer1,2015-07-01,1890.4862168237566,1500.5,417.16366964367575,116.09029514609003,1.5707963267948966
BMGMC_013_baseline_7_1_15_layer1,2015-07-01,625.17343937976204,1451.320745889587,180.75501814739062,79.046126845086448,-1.3105649493628015
BMGMC_013_baseline_7_1_15_layer2,2015-07-01,1209.0,478.5,308.83005188722581,117.33825124406943,1.5707963267948966
BMGMC_013_baseline_7_1_15_layer2,2015-07-01,193.70450231569356,482.27685824918382,210.04036267608737,119.76385725485414,1.393136524141096
BMGMC_013_baseline_7_1_15_layer2,2015-07-01,714.9147509993843,906.51017594367033,567.09280077632877,194.19055771839666,1.3913723206222481
BMGMC_013_baseline_7_1_15_layer2,2015-07-01,324.00205601806601,859.48960194142035,380.24459431557108,74.512252424359559,1.3685181717432222
BMGMC_013_baseline_7_1_15_layer2,2015-07-01,1001.2236838089425,840.2828628109263,262.71588664454401,119.0972215507811,-1.3465990271531354
BMGMC_013_baseline_7_1_15_layer2,2015-07-01,1293.5026204940709,1089.2533329626181,489.31401210389572,140.38340097947943,-1.4093040535907524
BMGMC_013_baseline_7_1_15_layer2,2015-07-01,1814.2453731542728,1133.2139039219617,204.46700735568891,139.80344207809807,-1.197972822465295
BMGMC_013_baseline_7_1_15_layer2,2015-07-01,476.0,1478.0,307.95412987679566,151.98329674655565,1.5707963267948966
BMGMC_013_baseline_7_1_15_layer3,2015-07-01,447.9316638119426,752.60152973834977,297.94043734449463,108.5334449042433,-1.369099051515452
BMGMC_013_baseline_7_1_15_layer3,2015-07-01,1455.0087018018571,1076.4931431031303,239.54167534529429,129.6500883505754,-1.1778757622821858
BMGMC_013_baseline_7_1_15_layer3,2015-07-01,899.71768661046451,1239.9617563739378,340.63239502757949,164.27476153760838,1.2930715440848948
BMGMC_006_7_1_15_layer1,2015-07-01,1641.5,305.5,291.57670090919316,80.067911293166205,1.5707963267948966
BMGMC_006_7_1_15_layer1,2015-07-01,1157.5,606.5,591.0867056504751,173.9391101132413,1.5506499236432651
BMGMC_006_7_1_15_layer1,2015-07-01,750.5,642.5,310.49816107216634,109.54816651170228,1.5707963267948966
BMGMC_006_7_1_15_layer1,2015-07-01,1780.4961336476038,716.49693999917292,335.9857030004049,137.4659424763021,1.2894507158857695
BMGMC_006_7_1_15_layer1,2015-07-01,1544.5,746.5,192.68382275998357,99.419076748254383,-1.4844661905497529
BMGMC_006_7_1_15_layer1,2015-07-01,114.50305581963873,1040.4926563318522,618.52925481360376,159.14646632221738,1.4348728929280126
BMGMC_006_7_1_15_layer1,2015-07-01,678.50631804043542,983.49820178849143,204.8579285844522,95.916705260876739,1.437823309612337
BMGMC_006_7_1_15_layer1,2015-07-01,1247.4935804728314,1134.4951742864732,307.87936155628017,105.08808857152135,1.314729668524125
BMGMC_006_7_1_15_layer1,2015-07-01,325.50845838250996,1082.4917102231213,203.0297629816624,83.68924997553728,-1.2590074245911858
BMGMC_006_7_1_15_layer1,2015-07-01,1007.5,1173.5,236.04892429166478,125.13446692197002,1.5707963267948966
BMGMC_006_7_1_15_layer1,2015-07-01,987.5006478178301,1507.4924835383276,337.5663411516631,159.38818032672762,-1.3160844313160864
BMGMC_006_7_1_15_layer1,2015-07-01,608.49837461885443,1477.5020285764685,254.85129351770621,148.69398574354778,1.389754327460887
BMGMC_006_7_1_15_layer2,2015-07-01,1267.5230402954853,451.41630509756806,517.10464830865442,165.99305107005202,-1.4657856650094381
BMGMC_006_7_1_15_layer2,2015-07-01,639.50310931938066,395.49766264956901,301.92172567844779,147.4967893242229,1.3189276816473474
BMGMC_006_7_1_15_layer2,2015-07-01,311.50137976159994,667.50462291257713,626.61082584254711,267.84410229273118,-1.4712162554511283
BMGMC_006_7_1_15_layer2,2015-07-01,1664.5002270491184,827.50859002497543,390.26065949357644,129.32468651416272,1.3304580817235725
BMGMC_006_7_1_15_layer2,2015-07-01,1477.4963950150072,1223.4957207795032,556.37454431802848,315.65741342573762,1.4176386861763366
BMGMC_006_7_1_15_layer2,2015-07-01,893.49006060138186,1092.4880148222487,244.57906001721199,101.15325244541964,1.4945037061069977
BMGMC_006_7_1_15_layer2,2015-07-01,1142.5,1340.5,359.00720059234931,126.86714993900382,1.5707963267948966
BMGMC_006_7_1_15_layer2,2015-07-01,420.50879692446858,1501.6961555857079,410.17110745519659,102.95288253035261,1.535462040709261
BMGMC_006_7_1_15_layer3,2015-07-01,1395.3749093966542,457.40119451451102,675.96331239000324,243.62826936543519,1.5211277562488061
BMGMC_006_7_1_15_layer3,2015-07-01,544.50179505190044,533.5039413096074,562.00169525158822,87.087469243281191,1.2899718105019069
BMGMC_006_7_1_15_layer3,2015-07-01,135.2856735756217,505.79256036628226,466.96794272927212,107.64294338945783,1.4862400865442846
BMGMC_006_7_1_15_layer3,2015-07-01,808.43570894702134,1389.3728291932293,559.50255090628661,194.17066368837999,1.4079408467918912
BMGMC_007_7_1_15_layer1,2015-07-01,679.24575212294371,412.05797009176212,478.64762565943704,250.68179318435048,-1.3955867225387755
BMGMC_007_7_1_15_layer1,2015-07-01,1562.075663315062,356.97894878434272,321.04636812600313,88.456064803412943,-1.4279119552680195
BMGMC_007_7_1_15_layer1,2015-07-01,1163.5623778324766,563.54202562803152,548.17366749319501,192.50187868835198,-1.5441532509413769
BMGMC_007_7_1_15_layer1,2015-07-01,1898.811115962822,631.55577734805479,340.45438531858775,134.89659392257224,1.4563646574133158
BMGMC_007_7_1_15_layer1,2015-07-01,403.50808800582547,623.27522625611152,246.05418291524012,149.23222654775194,1.3344437158662061
BMGMC_007_7_1_15_layer1,2015-07-01,828.28534191115307,822.93863346458875,484.32030239486863,142.20854060884727,-1.4294254714493086
BMGMC_007_7_1_15_layer1,2015-07-01,554.63794754564276,816.94458002533133,231.38872876630012,133.59701461976567,-1.4476661262513812
BMGMC_007_7_1_15_layer1,2015-07-01,404.99922007941012,1166.1373369256949,533.0528097542209,101.06957879736025,-1.5221064372377209
BMGMC_007_7_1_15_layer1,2015-07-01,1874.990280968369,1338.4747194734052,645.14738795519884,134.02402803130926,1.5418779427012488
BMGMC_007_7_1_15_layer1,2015-07-01,1242.0,1169.5,249.8335342668272,113.87254025565272,1.5707963267948966
BMGMC_007_7_1_15_layer1,2015-07-01,1502.7790510025193,1316.7571546329514,484.62983572503049,169.7204328306822,-1.4715593108185594
BMGMC_007_7_1_15_layer2,2015-07-01,979.22677909332242,382.52500713026819,524.5338529829321,248.94188090276623,-1.5042049846980283
BMGMC_007_7_1_15_layer2,2015-07-01,1302.9432729129435,380.99423027827419,182.60217767503499,102.42292431506199,-1.4144154617035225
BMGMC_007_7_1_15_layer2,2015-07-01,1324.5309355914201,796.26173546159976,331.15314687011136,97.738142577922574,-1.5217858798529873
BMGMC_007_7_1_15_layer2,2015-07-01,1041.0071384446428,995.44561740682275,445.71298180766075,156.07109464825257,1.4961161990122087
BMGMC_007_7_1_15_layer2,2015-07-01,637.96204049628705,1019.2260850514275,487.01457994590493,170.04784608331408,-1.374934512346657
BMGMC_007_7_1_15_layer2,2015-07-01,1650.8724400988503,1056.2723756312453,315.11817571562642,141.02235721383701,-1.5113810933970473
BMGMC_007_7_1_15_layer2,2015-07-01,681.50029162367082,1370.9945713132038,210.92239865523578,100.91066053544299,-1.5707839841361484
BMGMC_007_7_1_15_layer2,2015-07-01,1347.2956763563857,1523.5235421695177,423.51167644801859,128.91722600445073,1.5178402477623072
BMGMC_007_7_1_15_layer2,2015-07-01,1635.0016451398369,1491.4954671147048,270.12853320336654,100.99600038014222,-1.4391918207894661
BMGMC_007_7_1_15_layer3,2015-07-01,1782.5362616196298,760.00513985428358,469.47991169526597,194.30643685272148,1.4432254520274328
BMGMC_007_7_1_15_layer3,2015-07-01,1531.7763047287237,781.30263224525766,474.62811446556839,198.65547134373543,1.4821263185322999
BMGMC_008_7_1_15_layer1,2015-07-01,1465.5065408781009,241.49909287092029,336.02929060746374,148.80675421939105,-1.4837534461143391
BMGMC_008_7_1_15_layer1,2015-07-01,1011.7812830721161,351.95597943859298,349.63352296717886,108.39426881980712,-1.4800456787187255
BMGMC_008_7_1_15_layer1,2015-07-01,491.50149937666362,497.50470029313658,479.31507035146166,177.38740575952625,-1.4995319268784784
BMGMC_008_7_1_15_layer1,2015-07-01,1699.2203102391361,502.50036562786863,321.37199584755541,190.98337369681602,1.416298244200014
BMGMC_008_7_1_15_layer1,2015-07-01,854.00241642948822,851.50534628048445,665.89018617508054,256.97083763074136,1.5354728167121616
BMGMC_008_7_1_15_layer1,2015-07-01,1186.4962919015129,667.49887933023501,305.94865349802967,189.39026507036772,1.4038163049327541
BMGMC_008_7_1_15_layer1,2015-07-01,1792.2256432375043,882.23473399578643,360.79868208827861,159.54756556971961,-1.3895103516219087
BMGMC_008_7_1_15_layer1,2015-07-01,1485.0214219480347,904.32621160797078,345.56294292471836,146.02837374338054,1.4351775270641258
BMGMC_008_7_1_15_layer1,2015-07-01,1201.7448104396328,1063.5033676234575,345.27327191561466,210.24556084345332,-1.3513186437563627
BMGMC_008_7_1_15_layer1,2015-07-01,1147.9951593667422,1449.9802866964433,300.11867400418282,136.06820161391195,1.4496653219296112
BMGMC_008_7_1_15_layer1,2015-07-01,1868.5320273453208,1494.5011968365218,286.94854076254387,173.78793915598231,-1.3411304626919138
BMGMC_008_7_1_15_layer1,2015-07-01,891.0506807374112,1603.7411243567194,153.9488538697056,95.225482438339142,1.3518766031597005
BMGMC_008_7_1_15_layer2,2015-07-01,1307.6191193796751,327.30718963202457,513.4208394232553,135.76603344471195,1.5630079735349816
BMGMC_008_7_1_15_layer2,2015-07-01,727.46393088552918,488.57953563714904,243.04458463157545,72.768827731150949,-1.2565824402697758
BMGMC_008_7_1_15_layer2,2015-07-01,1047.9919857524487,799.76568121104185,471.21830038883485,113.79062365985392,1.3528021143429054
BMGMC_008_7_1_15_layer2,2015-07-01,1569.734052844791,696.29690428683716,252.63144654503694,125.03411897986244,1.4674716450667822
BMGMC_008_7_1_15_layer2,2015-07-01,715.43809421907008,1184.6370181284583,545.51022989805347,114.5249323213542,1.5706767282255514
BMGMC_008_7_1_15_layer2,2015-07-01,1833.7752985768434,1180.0001430308232,236.48561554195095,169.39195190737527,-1.3323522886428141
BMGMC_008_7_1_15_layer2,2015-07-01,1324.5467473555327,1332.0014251018647,458.30737759045343,207.61535616301751,-1.4272714298048021
BMGMC_008_7_1_15_layer3,2015-07-01,462.22109661896923,914.26567050778772,325.79990328094993,115.73399746841874,1.2866366312810626
BMGMC_008_7_1_15_layer3,2015-07-01,1446.4287549960779,1164.9247992230398,491.76332228766353,259.92692521227502,1.3062093074367198
BMGMC_008_7_1_15_layer3,2015-07-01,1020.684118494137,1089.7542172392511,288.53478831033271,64.354199321304208,1.5706934652815656
BMGMC_008_7_1_15_layer3,2015-07-01,828.78450218618184,1410.2604927095172,424.40458848053811,116.81820662607157,-1.5134267006948521
BMGMC_008_7_1_15_layer4,2015-07-01,1636.0,1294.5,688.01562516586307,273.25626491702167,1.5707963267948966
BMGMC_009_7_1_15_layer1,2015-07-01,1664.4832992950787,374.21969497331838,379.92794560358328,152.60790183136015,-1.3995297375855202
BMGMC_009_7_1_15_layer1,2015-07-01,425.50494722955148,363.30600263852244,146.34182415507138,98.926611820204116,-1.2463514126987076
BMGMC_009_7_1_15_layer1,2015-07-01,1400.357551056572,704.53231737030967,575.25557281527483,187.35774168492256,1.5220264896722426
BMGMC_009_7_1_15_layer1,2015-07-01,1035.8466084549036,709.37399283001457,416.39250081623931,129.22161242733233,1.4486207757824949
BMGMC_009_7_1_15_layer1,2015-07-01,601.99428631719059,811.71511934617286,587.16622059701899,200.38675337043719,-1.5482893585869679
BMGMC_009_7_1_15_layer1,2015-07-01,1919.4230296254891,972.94077138065961,307.51315978977283,138.88972764905083,-1.5049107269264834
BMGMC_009_7_1_15_layer1,2015-07-01,1238.0012377664384,1312.493547232318,740.21397919809726,212.62061423055601,-1.5707859320467288
BMGMC_009_7_1_15_layer1,2015-07-01,833.2209272936617,1361.6995984161308,297.64200084581751,114.24689937960495,1.3819573055509036
BMGMC_009_7_1_15_layer1,2015-07-01,1512.0039506028327,1504.9992098794335,212.54573733897612,153.52967073147281,0.98424406801691788
BMGMC_009_7_1_15_layer2,2015-07-01,876.30215162751313,512.04590651903368,440.88217455686049,168.8178603680137,1.4733528959374984
BMGMC_009_7_1_15_layer2,2015-07-01,1121.2814258911819,716.93381501736462,332.13565648302313,72.028787190389423,1.4346653887376553
BMGMC_009_7_1_15_layer2,2015-07-01,952.76042952748173,1216.9874003583616,762.44191079985194,197.81654866938933,1.4487523298866998
BMGMC_009_7_1_15_layer2,2015-07-01,435.99061965011094,1209.5352067019865,561.42338776512429,167.90964461590247,1.5195817827417091
BMGMC_009_7_1_15_layer2,2015-07-01,1373.0,1173.0,304.57923596053655,62.168985373576838,-1.5181308091402077
BMGMC_009_7_1_15_layer2,2015-07-01,1601.5,1379.5,175.4524247757285,99.143240221849979,1.5707963267948966
BMGMC_009_7_1_15_layer2,2015-07-01,1425.50064808814,1627.2212680924606,180.43525463559641,97.995052898527206,-1.3799093264253932
BMGMC_009_7_1_15_layer3,2015-07-01,1794.2436332538146,808.74849889724089,475.27873217612472,223.19282233279506,-1.2382590544188119
BMGMC_009_7_1_15_layer4,2015-07-01,1539.7693949689419,960.49397714403381,740.30615112844157,187.93464688159446,-1.4148503781907007
BMGMC_009_7_1_15_layer4,2015-07-01,1881.5130896183261,1326.0124565448091,546.77470581582315,238.6306461028652,1.3425556315543592
BMGMC_013_baseline_7_2_15_layer1,2015-07-02,1690.3939946855623,490.39999999999998,681.50870288429041,158.19786522603226,1.5707221619733056
BMGMC_013_baseline_7_2_15_layer1,2015-07-02,655.48736561357202,366.49261733894252,403.3364425013043,172.21427770092083,1.4651746498868037
BMGMC_013_baseline_7_2_15_layer1,2015-07-02,305.48279002003278,471.50639890068044,343.64658019985188,167.84415938889524,1.5283374430238734
BMGMC_013_baseline_7_2_15_layer1,2015-07-02,1266.498990572828,984.50507639461875,690.53496307083662,236.32084987560717,1.4674393786778874
BMGMC_013_baseline_7_2_15_layer1,2015-07-02,1840.5150109282856,884.50053610458167,266.25199164020569,173.94255888766489,-1.4707263117189937
BMGMC_013_baseline_7_2_15_layer1,2015-07-02,1592.5,975.5,211.78414115405548,95.626033917966353,1.5707963267948966
BMGMC_013_baseline_7_2_15_layer1,2015-07-02,553.49900250570568,1074.4664283320299,283.06814548872075,211.37475692112213,1.2289976253064701
BMGMC_013_baseline_7_2_15_layer1,2015-07-02,1946.4663759199409,1111.9978972781435,226.22929916551448,108.40483964402932,-1.4562112032531978
BMGMC_013_baseline_7_2_15_layer1,2015-07-02,904.49163352272728,1227.4983806818182,345.32564674113308,194.67842923305406,1.2815011352001382
BMGMC_013_baseline_7_2_15_layer1,2015-07-02,1891.5,1505.5,426.52707856378453,121.61403855673932,1.5707963267948966
BMGMC_013_baseline_7_2_15_layer1,2015-07-02,474.5,1473.5,319.13661174958327,161.4483548392565,1.5707963267948966
BMGMC_013_baseline_7_2_15_layer2,2015-07-02,1209.5,471.5,312.18770242443588,128.60530405763541,1.5707963267948966
BMGMC_013_baseline_7_2_15_layer2,2015-07-02,189.00442918835122,481.49366995164803,218.4392070758407,118.44258782330618,1.4195284447450376
BMGMC_013_baseline_7_2_15_layer2,2015-07-02,715.41759953572898,898.46368301287441,577.80284732099835,216.43443952476375,1.39270856934979
BMGMC_013_baseline_7_2_15_layer2,2015-07-02,342.489866648305,875.50255915903506,411.2440354074534,101.17060055324649,1.2435218207024519
BMGMC_013_baseline_7_2_15_layer2,2015-07-02,1103.504767954448,1176.495453988857,550.15308878052736,226.80153453012656,1.4465876212404156
BMGMC_013_baseline_7_2_15_layer2,2015-07-02,1443.4928354792082,1249.4990934687978,536.73682995462946,212.94088409175544,-1.4589130306873586
BMGMC_013_baseline_7_2_15_layer2,2015-07-02,1817.4930242411403,1130.489301818842,203.15514837481851,155.31989051901826,-1.3077658549277933
BMGMC_013_baseline_7_2_15_layer3,2015-07-02,439.50881043324119,739.50152995547307,310.08562181742809,145.93242560947982,-1.4896034982424635
BMGMC_013_baseline_7_2_15_layer3,2015-07-02,976.5,869.5,315.69695505272972,150.31074009632169,-1.2301391075869912
BMGMC_013_baseline_7_2_15_layer3,2015-07-02,285.49199278913471,1172.4926753710445,532.530470901885,204.91271392651427,1.499259480937714
BMGMC_013_baseline_7_2_15_layer3,2015-07-02,1550.5,1166.0,290.72673456960814,102.59169914299885,1.5707963267948966
BMGMC_010_7_2_15_layer1,2015-07-02,718.50486137355279,202.49338647060844,280.05487756177433,99.251493350798256,-1.2354526544934628
BMGMC_010_7_2_15_layer1,2015-07-02,1199.5,341.5,391.77561367375887,267.12379810242618,1.5707963267948966
BMGMC_010_7_2_15_layer1,2015-07-02,463.27239979041133,408.55770238407126,151.54149190974888,96.212838287613863,1.3447763919438702
BMGMC_010_7_2_15_layer1,2015-07-02,1671.5,647.5,445.80394761032619,208.69202919800156,-1.5161593128147131
BMGMC_010_7_2_15_layer1,2015-07-02,478.50953529592067,909.50047309993738,411.38702563299893,174.18040463293562,1.4190317807329982
BMGMC_010_7_2_15_layer1,2015-07-02,999.49515360604562,813.49939214719893,214.44627082636705,135.52795326067522,1.3467073415621849
BMGMC_010_7_2_15_layer1,2015-07-02,1216.8146688934203,1291.0702257817475,482.95021918585712,214.29736290355052,1.5140489926191951
BMGMC_010_7_2_15_layer1,2015-07-02,1544.7947609185462,1285.6717267120325,346.50597389032782,121.09298758347673,-1.3885217138189359
BMGMC_010_7_2_15_layer1,2015-07-02,974.02097902097898,1327.4042037507947,213.73660248672593,112.44815329186682,1.4986080369311845
BMGMC_010_7_2_15_layer2,2015-07-02,1426.0006662692429,447.03268927306522,690.75881574686991,197.11582060727127,-1.4283639220202613
BMGMC_010_7_2_15_layer2,2015-07-02,1714.2275941522325,289.98853885269347,278.03745034239068,172.9100068180245,-1.340829946239444
BMGMC_010_7_2_15_layer2,2015-07-02,957.5,463.5,256.7615728535809,206.53066080239276,1.5707963267948966
BMGMC_010_7_2_15_layer2,2015-07-02,467.99593032298202,621.00642853439786,222.00815306509634,165.93776888755596,1.1063944885743573
BMGMC_010_7_2_15_layer2,2015-07-02,749.0,983.5,610.2292688564637,216.02083534680668,1.5707963267948966
BMGMC_010_7_2_15_layer2,2015-07-02,1642.5013847005969,1019.0056003446366,237.08239130344697,65.454868343651555,-1.5078761104681349
BMGMC_010_7_2_15_layer2,2015-07-02,1045.7951712926726,1086.939249804323,249.79473370351138,126.98978779854752,-0.99604862587677279
BMGMC_010_7_2_15_layer3,2015-07-02,1589.0733823937794,279.94612607608997,417.49063808045616,164.7346777174613,-1.4432009660896079
BMGMC_010_7_2_15_layer3,2015-07-02,631.49382599679518,600.49703082288625,464.57351210194059,109.03580607718007,1.4711186694418288
BMGMC_010_7_2_15_layer3,2015-07-02,1472.4888824287375,905.78519909488045,645.44008581754599,188.30644334045419,-1.4650652708942768
BMGMC_010_7_2_15_layer3,2015-07-02,1197.0,804.5,402.30018075617244,196.98635741092511,1.5707963267948966
BMGMC_010_7_2_15_layer3,2015-07-02,836.49779188916148,1248.9989320248233,227.10747972598068,145.6741642453909,-0.98155524772669756
BMGMC_010_7_2_15_layer3,2015-07-02,1689.5278025912946,1465.7476961603945,526.9241415872832,237.36668874112874,-1.4432255417144733
BMGMC_011_7_2_15_layer1,2015-07-02,457.50847593155288,276.52001705847857,313.54809315230875,114.26507414286381,-1.4897762998087447
BMGMC_011_7_2_15_layer1,2015-07-02,862.5035701692525,378.49620944992949,268.19799088060932,161.56487718980753,-1.5165318989950762
BMGMC_011_7_2_15_layer1,2015-07-02,196.97957608311086,542.01723971567333,228.74421881353291,129.79743511938855,1.5229306863291168
BMGMC_011_7_2_15_layer1,2015-07-02,1653.7879789229257,720.70246494596768,395.32022986616994,108.1915617573669,-1.507044905501578
BMGMC_011_7_2_15_layer1,2015-07-02,788.02918292483469,764.14362485104789,457.61952740910061,89.312961878830109,1.5276918723825459
BMGMC_011_7_2_15_layer1,2015-07-02,596.72779781435588,677.54204517721075,286.86174998313788,122.7623804149431,1.5063722043524268
BMGMC_011_7_2_15_layer1,2015-07-02,350.49390908807675,732.52680935913008,238.79239799185149,128.35739039703512,1.4164313314074697
BMGMC_011_7_2_15_layer1,2015-07-02,1032.5,944.5,289.88670689479335,243.05065698897587,1.3404458044136116
BMGMC_011_7_2_15_layer1,2015-07-02,1251.0138538151093,1318.4485261145594,563.58484552457799,143.588081707111,1.5188485195778649
BMGMC_011_7_2_15_layer1,2015-07-02,236.97294607055994,1388.9916800480792,519.65593003718095,195.69127102475008,-1.469889071803719
BMGMC_011_7_2_15_layer1,2015-07-02,574.5,1286.764164305949,175.03154228197027,92.447075434403118,1.5707963267948966
BMGMC_011_7_2_15_layer2,2015-07-02,1489.0,398.5,636.15999364476613,242.0437022826037,1.5707963267948966
BMGMC_011_7_2_15_layer2,2015-07-02,585.99604540461371,343.00427193946052,284.52392595536099,137.48940067785202,-1.3822863183806779
BMGMC_011_7_2_15_layer2,2015-07-02,1087.5087185647305,494.73070291006314,504.23957104436187,195.49473481236268,-1.4238001131731302
BMGMC_011_7_2_15_layer2,2015-07-02,315.32825571836162,407.06048003610749,321.73296654149533,184.13239423276883,1.4339571610455786
BMGMC_011_7_2_15_layer2,2015-07-02,1775.8052169597718,864.6807481157532,284.30722202020451,108.29220758733246,-1.4866130317150263
BMGMC_011_7_2_15_layer2,2015-07-02,477.41989241855271,1029.5056023546128,528.34488502123668,178.08495918599783,-1.3961981555029919
BMGMC_011_7_2_15_layer2,2015-07-02,278.99074241329481,987.00020321531792,271.72534957320227,155.64416539281072,-1.3415130802375745
BMGMC_011_7_2_15_layer2,2015-07-02,878.50613248538468,1168.5068731237163,561.93869042206984,172.08410336555519,1.4769015119946127
BMGMC_011_7_2_15_layer2,2015-07-02,373.98312158026522,1532.2657887415376,184.51148349643717,167.42260028355108,1.2710701573876255
BMGMC_011_7_2_15_layer3,2015-07-02,894.15786901270769,702.182266210492,283.5720533582255,165.36086834620113,-1.5695689563674065
BMGMC_011_7_2_15_layer3,2015-07-02,1432.924491564409,1057.3207289805612,677.26775164241451,263.58970123124766,-1.4811581787110595
BMGMC_012_7_2_15_layer1,2015-07-02,776.5000511735808,369.50025586790395,371.82148724308888,150.5622177213759,-1.4295780866993271
BMGMC_012_7_2_15_layer1,2015-07-02,578.50478727414372,408.51071796547131,327.87168244534121,115.90028542854651,1.4677712503351554
BMGMC_012_7_2_15_layer1,2015-07-02,473.50431352517171,647.60278676428857,302.0234461689322,111.41646902557807,1.4966423259579269
BMGMC_012_7_2_15_layer1,2015-07-02,1660.5059586324223,853.49220126550415,543.82921416860984,202.30429468945371,1.4880202969201997
BMGMC_012_7_2_15_layer1,2015-07-02,1041.4988248521026,962.50927537007794,625.66144740654113,285.08534709351318,1.3682312226639337
BMGMC_012_7_2_15_layer1,2015-07-02,756.5,1094.5,244.65677027556262,199.62196205192214,1.5707963267948966
BMGMC_012_7_2_15_layer1,2015-07-02,1375.5042836744408,1211.4993455497381,405.48768038866763,197.9168670988536,1.5181629451998773
BMGMC_012_7_2_15_layer2,2015-07-02,663.5001762691378,255.48526893634167,363.89875596754001,104.21308195775872,1.4740526212490461
BMGMC_012_7_2_15_layer2,2015-07-02,1529.9913918804839,413.04131385740965,599.7173689292938,124.49214131438892,-1.5058454850055703
BMGMC_012_7_2_15_layer2,2015-07-02,934.0,220.0,274.45365133469824,194.96840600532522,-1.1203512531056488
BMGMC_012_7_2_15_layer2,2015-07-02,1772.5,529.5,236.03795684313408,126.83901207204714,1.5707963267948966
BMGMC_012_7_2_15_layer2,2015-07-02,1260.4958299548246,799.49499980694236,673.24247108074007,220.41214656140187,-1.4605378025010687
BMGMC_012_7_2_15_layer2,2015-07-02,722.48437223461121,843.53750309723546,198.33281005300603,136.02603294568121,1.3583836033651413
BMGMC_012_7_2_15_layer2,2015-07-02,1823.5052754762321,1244.4958822498686,772.75330456506913,197.46906356569434,-1.4527750080684587
BMGMC_012_7_2_15_layer2,2015-07-02,929.5,1189.5,230.79242630683581,102.92528055238598,1.5222674011200401
BMGMC_012_7_2_15_layer2,2015-07-02,579.5,1339.5,256.75616065790098,218.67423468023637,1.5707963267948966
BMGMC_012_7_2_15_layer2,2015-07-02,1483.9996119330585,1350.0007761338832,250.59192495583721,78.558527657095368,-1.4627561216916392
BMGMC_012_7_2_15_layer2,2015-07-02,1128.5084668401114,1504.9971244693961,366.5186101396813,114.16535269000065,-1.3830106252756424
BMGMC_012_7_2_15_layer3,2015-07-02,890.50395910594364,657.4959072533494,526.39535039103373,162.89406560911189,-1.303471871944887
BMGMC_012_7_2_15_layer3,2015-07-02,1918.4783186260556,725.02043204605116,248.54450627762125,121.47650423434774,1.4149788299168313
BMGMC_012_7_2_15_layer3,2015-07-02,796.44732114731346,1461.6536775160271,510.48871245032569,219.71825902182309,1.3796314930541898
BMGMC_012_7_2_15_layer4,2015-07-02,1092.003034747863,408.20523325409272,635.86239508734286,178.15238035497845,-1.5361877427168615
BMGMC_014_7_2_15_layer1,2015-07-02,344.50162784128918,454.71731309557435,601.40995090356739,213.61624975449055,-1.4904655178723376
BMGMC_014_7_2_15_layer1,2015-07-02,1475.2351965427679,347.41873103869744,239.33952343817165,182.80482267542811,-1.1229289228357735
BMGMC_014_7_2_15_layer1,2015-07-02,583.5,640.5,603.40083814132845,132.06277322290975,1.5707963267948966
BMGMC_014_7_2_15_layer1,2015-07-02,1344.0048183521351,781.01175082072405,622.82253423189593,267.61181535044926,1.4283369024505337
BMGMC_014_7_2_15_layer1,2015-07-02,1069.0,553.5,158.11563954604247,93.091214994063577,1.5707963267948966
BMGMC_014_7_2_15_layer1,2015-07-02,1016.5,864.0,385.77874936036648,132.05364110794102,1.5707963267948966
BMGMC_014_7_2_15_layer1,2015-07-02,806.0,1164.0,600.66072408472724,179.69005729506193,1.5707963267948966
BMGMC_014_7_2_15_layer1,2015-07-02,403.00058952994812,1153.1856233296651,164.81961904977746,147.42489446521242,1.554814279281115
BMGMC_014_7_2_15_layer1,2015-07-02,1117.5,1386.0,439.48013033731326,189.21697533784115,1.5707963267948966
BMGMC_014_7_2_15_layer1,2015-07-02,575.0,1390.5,358.99370846960755,101.7559287892375,1.5707963267948966
BMGMC_014_7_2_15_layer2,2015-07-02,1356.0,181.0,240.33072595906472,143.30022446756692,1.5707963267948966
BMGMC_014_7_2_15_layer2,2015-07-02,1639.5,244.5,196.08201139697314,95.647258002190526,1.5707963267948966
BMGMC_014_7_2_15_layer2,2015-07-02,691.28784937888202,361.1751164596273,212.93464768063257,115.5258418039123,-1.3407787289074475
BMGMC_014_7_2_15_layer2,2015-07-02,925.52519233670239,540.48536732538844,323.27937609782111,195.81352060016286,-1.1026533054107941
BMGMC_014_7_2_15_layer2,2015-07-02,1504.0,655.0,273.45684507243072,107.13583749091664,1.4965142404639447
BMGMC_014_7_2_15_layer2,2015-07-02,746.023794066091,790.52531974290719,258.5211827211424,113.79500446752148,-1.4990640447922003
BMGMC_014_7_2_15_layer2,2015-07-02,1156.5,988.5,326.22785146374116,128.60853728688747,1.5707963267948966
BMGMC_014_7_2_15_layer2,2015-07-02,281.00592634538782,1126.999824259939,489.66334998683737,199.74576428922833,-1.4484873514727381
BMGMC_014_7_2_15_layer2,2015-07-02,652.5,1070.0,285.48184020443017,119.94384945989778,1.5707963267948966
BMGMC_014_7_2_15_layer2,2015-07-02,1567.5,1123.0,316.5749378993176,244.60300194572369,1.5707963267948966
BMGMC_014_7_2_15_layer2,2015-07-02,940.31071819257477,1126.780121894046,277.15815234759833,154.33248090990645,1.3427561531188725
BMGMC_014_7_2_15_layer2,2015-07-02,680.76339572765596,1492.0554940344359,343.66091208195547,155.5753856121128,1.4452172958815181
BMGMC_014_7_2_15_layer3,2015-07-02,1608.2361559210874,603.68226053842488,378.03812707902279,95.520671002805528,1.3315427236781137
BMGMC_014_7_2_15_layer3,2015-07-02,498.7400690669827,952.19996730557034,460.2019996214558,203.09591406604889,1.420556693196821
BMGMC_014_7_2_15_layer3,2015-07-02,1371.0,1299.5,358.97620486969868,177.95833955719749,1.5707963267948966
BMGMC_013_baseline_7_6_15_layer1,2015-07-06,655.49977328963223,367.52210749957896,403.91947614073621,182.49314054653274,1.469095332073213
BMGMC_013_baseline_7_6_15_layer1,2015-07-06,1164.505800640158,447.49135280796526,411.20200015869835,183.56190418786511,1.4134281756800597
BMGMC_013_baseline_7_6_15_layer1,2015-07-06,302.5,467.5,346.94712560792607,175.3482851249239,1.5707963267948966
BMGMC_013_baseline_7_6_15_layer1,2015-07-06,847.5,773.5,215.27084838386986,100.89069563495711,1.5707963267948966
BMGMC_013_baseline_7_6_15_layer1,2015-07-06,1842.5119862701065,882.50081247375431,284.16224786523253,184.06025934845178,-1.5137239028469338
BMGMC_013_baseline_7_6_15_layer1,2015-07-06,1584.5522997226728,971.39118832086228,216.07706991763271,84.465136530666513,-1.4952006798496054
BMGMC_013_baseline_7_6_15_layer1,2015-07-06,1107.5067055482145,1177.4805820081713,554.01894028449988,226.9737060469466,1.4978803845618285
BMGMC_013_baseline_7_6_15_layer1,2015-07-06,513.50015584878213,1063.5026197438142,297.38530678561159,216.34125147509141,1.2812163714564964
BMGMC_013_baseline_7_6_15_layer1,2015-07-06,1403.5085659438164,1307.4961774126944,395.60524925359704,216.279232375486,1.4328520336254957
BMGMC_013_baseline_7_6_15_layer1,2015-07-06,1890.4858102818371,1498.488207854906,428.46516608691957,136.64910958457281,1.5407146782207684
BMGMC_013_baseline_7_6_15_layer1,2015-07-06,470.49220933418576,1482.5048862909855,316.72278954243546,165.05871812385024,1.4815442560951908
BMGMC_013_baseline_7_6_15_layer2,2015-07-06,1687.5135463638219,469.64842546716397,638.96462924046057,161.0754800876141,-1.5453706408870558
BMGMC_013_baseline_7_6_15_layer2,2015-07-06,188.51957369740876,484.50971719141825,216.75705790471972,126.49539017957875,1.4550830885748114
BMGMC_013_baseline_7_6_15_layer2,2015-07-06,434.49992902192207,734.50370099977692,321.18828382442041,146.60878283788759,-1.4506220952900588
BMGMC_013_baseline_7_6_15_layer2,2015-07-06,1257.5,1020.5,760.93815155933294,256.76005184388271,1.5707963267948966
BMGMC_013_baseline_7_6_15_layer2,2015-07-06,283.5,1170.5,528.74768593898216,229.08281647531641,1.5707963267948966
BMGMC_013_baseline_7_6_15_layer2,2015-07-06,911.48747073413847,1197.5283618071815,419.74043785669693,196.28753082488709,1.4511516373820699
BMGMC_013_baseline_7_6_15_layer2,2015-07-06,1948.5,1115.5,225.70217991134956,121.86887966492759,-1.4848530046959494
BMGMC_013_baseline_7_6_15_layer2,2015-07-06,624.50271690452018,1445.508688123246,183.16377263842608,87.314037459826423,-1.3166354609105784
BMGMC_013_baseline_7_6_15_layer3,2015-07-06,711.49982216586511,891.49873196529916,603.17321001679284,204.75946161092656,1.3682346488976924
BMGMC_013_baseline_7_6_15_layer3,2015-07-06,1001.5039338992132,844.49947830010433,269.43424223496294,125.68197432148411,-1.4043038172679416
BMGMC_013_baseline_7_6_15_layer3,2015-07-06,1822.5124556278076,1129.5380265761946,199.10313532674922,152.67907380128915,-1.3244428224682709
BMGMC_015_7_6_15_layer1,2015-07-06,922.65415539025025,399.22243255100886,617.14782346283403,313.88708848135445,-1.4803485796359119
BMGMC_015_7_6_15_layer1,2015-07-06,1585.667264488332,695.49062410459408,386.03221609264227,233.10049023401362,1.2424684247266116
BMGMC_015_7_6_15_layer1,2015-07-06,786.50249272125393,1002.0166075060822,454.32365922478863,263.50152709892853,-1.5659425528508166
BMGMC_015_7_6_15_layer1,2015-07-06,118.5,924.5,241.08949970131485,135.49380636105721,1.5707963267948966
BMGMC_015_7_6_15_layer1,2015-07-06,472.99390748039394,1279.463834193564,651.65365318265481,182.55817621446957,1.4186633609318966
BMGMC_015_7_6_15_layer1,2015-07-06,1640.0,1390.0,401.48356061006672,124.26456545598766,1.5707963267948966
BMGMC_015_7_6_15_layer1,2015-07-06,1163.5,1437.5,329.58383662493168,93.978951288241262,1.5707963267948966
BMGMC_015_7_6_15_layer1,2015-07-06,1332.4686645237286,1526.0315051809851,310.85341058709486,153.86688322635612,-1.4841639131174675
BMGMC_015_7_6_15_layer2,2015-07-06,627.0,616.5,566.81711601807933,160.88729175468589,-1.5487232898976191
BMGMC_015_7_6_15_layer2,2015-07-06,335.23006904132177,469.27640572939924,202.45519439349974,137.32360803936183,1.3382051426661421
BMGMC_015_7_6_15_layer2,2015-07-06,1157.9927039301165,747.74828558902118,609.91300568310055,189.27145417297723,1.46570122447477
BMGMC_015_7_6_15_layer2,2015-07-06,220.49554616647382,718.98813208105707,366.78057148696467,96.747811381718535,1.4648802807792378
BMGMC_015_7_6_15_layer2,2015-07-06,1582.1621714718749,991.2190072680927,251.95663074659109,110.03040851980643,1.3978064715023932
BMGMC_015_7_6_15_layer2,2015-07-06,312.99257922365854,1167.2691909521498,424.04526875476654,245.80825848790533,-1.5626209127311599
BMGMC_015_7_6_15_layer2,2015-07-06,609.239942042076,1164.7499717737383,382.13273246551728,132.80049424797105,1.3207886000228037
BMGMC_015_7_6_15_layer2,2015-07-06,888.5,1372.0,313.15302587898606,194.41761425677464,1.5707963267948966
BMGMC_015_7_6_15_layer2,2015-07-06,1246.0,1439.0,250.66724961456273,105.20805741088239,1.5707963267948966
BMGMC_015_7_6_15_layer3,2015-07-06,457.58093174431201,801.88526543878652,379.29141363622477,116.19255312240297,1.4005387020630888
BMGMC_015_7_6_15_layer3,2015-07-06,1396.0400085656163,1059.2366149500594,632.49972494969597,296.11670648858939,1.3929848533257767
BMGMC_015_7_6_15_layer3,2015-07-06,1063.918247120976,1051.2654023032192,399.03511099858287,188.89514893735802,1.1887757547541464
BMGMC_016_7_6_15_layer1,2015-07-06,463.50464662241313,293.50335806325654,362.53574959928665,202.37370519155795,-1.3469753377322928
BMGMC_016_7_6_15_layer1,2015-07-06,866.50420289332226,328.48584003751938,220.19878491894039,120.21219704125419,1.4418379352593524
BMGMC_016_7_6_15_layer1,2015-07-06,54.5,669.5,378.03072300617134,87.03761306334242,1.5707963267948966
BMGMC_016_7_6_15_layer1,2015-07-06,1322.5772664571998,618.4838301785577,279.43036738018071,178.37882054952547,1.4877113637072783
BMGMC_016_7_6_15_layer1,2015-07-06,1680.5020377576777,679.49810685738328,350.84338731853921,207.03273806256391,1.2170075422556614
BMGMC_016_7_6_15_layer1,2015-07-06,539.49336006510907,958.49384639815787,514.69584383679853,186.93297621560862,1.4648609208184458
BMGMC_016_7_6_15_layer1,2015-07-06,1392.9894092409777,1230.7294439311167,646.15273906298171,273.50584668601232,1.4154998451139187
BMGMC_016_7_6_15_layer1,2015-07-06,1691.4970019914958,1224.5035147209214,432.11891888637808,205.28775146577385,1.3891780843711803
BMGMC_016_7_6_15_layer1,2015-07-06,1074.5,1404.5,466.33248989952102,268.90144192652548,1.5707963267948966
BMGMC_016_7_6_15_layer1,2015-07-06,534.48054937664892,1465.5044488127878,296.8656084478643,124.36605617756911,1.504801687680182
BMGMC_016_7_6_15_layer2,2015-07-06,1820.4834628579431,638.47637751172726,531.52357052599689,256.60787111710181,1.3416692274267272
BMGMC_016_7_6_15_layer2,2015-07-06,923.5,706.5,462.88001427574892,235.99264856544843,1.5707963267948966
BMGMC_016_7_6_15_layer2,2015-07-06,350.58526489312288,1012.5414256960446,799.24943846039389,262.37398165044556,1.5707503696744518
BMGMC_016_7_6_15_layer2,2015-07-06,1518.4876951759497,846.50312281519462,446.95005663493333,275.03869723619738,1.3912984582226189
BMGMC_016_7_6_15_layer2,2015-07-06,700.50778505443031,1080.5393156091425,177.02687922618773,124.37890400223047,-1.4253318393639738
BMGMC_016_7_6_15_layer2,2015-07-06,645.5,1425.5,236.13054928433931,100.87496944828722,1.5707963267948966
BMGMC_016_7_6_15_layer2,2015-07-06,1585.0,1517.0,245.50488685940491,167.54661980616271,1.5707963267948966
BMGMC_016_7_6_15_layer3,2015-07-06,621.52150003547865,536.28833069214818,702.26950354265136,344.9407007512512,1.3732830754868486
BMGMC_016_7_6_15_layer3,2015-07-06,1130.5054005547397,625.50765214553758,523.43182259253547,279.53916432295205,-1.5019002856974537
BMGMC_016_7_6_15_layer3,2015-07-06,1458.4916701453456,534.48814086751929,184.97601167589352,136.03731410125064,1.0532834106701041
BMGMC_016_7_6_15_layer3,2015-07-06,405.0,1561.5,199.68104184980845,151.95165421311765,1.5707963267948966
BMGMC_017_7_6_15_layer1,2015-07-06,1585.4921643618386,262.73752944194399,374.46527517784642,218.7038384181231,-1.3557910808905682
BMGMC_017_7_6_15_layer1,2015-07-06,628.5008777775389,597.49882127016201,468.07064115017977,284.71648742601872,1.3107356894615203
BMGMC_017_7_6_15_layer1,2015-07-06,1257.243717210258,615.27126976556485,190.21207798365742,136.84120502073421,1.1904103800940109
BMGMC_017_7_6_15_layer1,2015-07-06,1749.7342242562929,682.43791304347826,303.51286169739723,171.86512813242098,1.3757871062367475
BMGMC_017_7_6_15_layer1,2015-07-06,949.29238104900071,955.29986585956965,440.9134451912962,192.13554935343805,1.4769350436819686
BMGMC_017_7_6_15_layer1,2015-07-06,393.48743666013962,1173.5762345356072,540.14512359974162,354.82662988193431,-1.4591493831299394
BMGMC_017_7_6_15_layer1,2015-07-06,1851.773230035066,1220.4900742858799,478.84467750746688,206.44206849416869,-1.5011278619484323
BMGMC_017_7_6_15_layer1,2015-07-06,1285.2472298534799,1174.7653388278388,400.26595719026142,208.41962643076644,1.3867418046611428
BMGMC_017_7_6_15_layer1,2015-07-06,734.13258162279487,1352.4903058456082,440.15229054190058,163.93461046619836,1.4110510096209887
BMGMC_017_7_6_15_layer1,2015-07-06,1048.2657025770352,1329.2458822602255,220.89832438667131,109.70986523739155,1.3511312926064647
BMGMC_017_7_6_15_layer1,2015-07-06,1506.0,1536.0,139.88188986837508,98.283072849990589,1.5707963267948966
BMGMC_017_7_6_15_layer2,2015-07-06,1808.7738565573163,434.70911942705789,294.97718720352373,218.78107455765777,0.52006914234315371
BMGMC_017_7_6_15_layer2,2015-07-06,823.0019986318091,528.03504983165885,330.87098391399797,215.16416511234218,-1.4536107537187846
BMGMC_017_7_6_15_layer2,2015-07-06,1463.0230282250989,574.03787643588953,383.16257355583559,184.63281437669647,1.4022970964942434
BMGMC_017_7_6_15_layer2,2015-07-06,454.46299427253308,687.96969816118167,382.98965786489413,190.2414526220295,1.3110239029980448
BMGMC_017_7_6_15_layer2,2015-07-06,1422.23720975326,1083.0683503805324,488.80674616189066,201.50421892842255,1.1415899038505353
BMGMC_017_7_6_15_layer2,2015-07-06,1189.0002542078082,1492.5009766931578,460.89602859207929,154.85893168372323,1.3614444220324133
BMGMC_017_7_6_15_layer3,2015-07-06,1621.5,867.5,450.84545148547738,177.1057011829418,1.5707963267948966
BMGMC_017_7_6_15_layer3,2015-07-06,1136.9788846715328,1022.0480817518248,393.60004380521815,207.73961427194888,-1.5360108522115288
BMGMC_017_7_6_15_layer3,2015-07-06,613.47031205181236,1049.5310617611981,377.21251287042747,167.68838588086967,-1.4704025643798038
BMGMC_017_7_6_15_layer3,2015-07-06,1578.5,1405.0,125.94930927698729,121.70314240671301,1.5707963267948966
BMGMC_017_7_6_15_layer4,2015-07-06,1079.7594725683982,524.05051617083654,551.55196981134895,275.21478210685143,-1.4431133324706646
BMGMC_018_7_6_15_layer1,2015-07-06,413.0,199.0,313.00274544164051,151.95427877144718,1.5707963267948966
BMGMC_018_7_6_15_layer1,2015-07-06,1030.9976597704583,228.96131152438568,268.52130993738842,142.84513197860156,1.1910590573447151
BMGMC_018_7_6_15_layer1,2015-07-06,1409.7052861768789,355.29744732747383,339.65820997083779,200.56086344007738,-1.4936591238648387
BMGMC_018_7_6_15_layer1,2015-07-06,904.49090745138119,547.55364854168545,426.62078220110317,223.40571533675251,1.4832411987867793
BMGMC_018_7_6_15_layer1,2015-07-06,1258.5,869.5,381.50065751542979,196.12169491375931,1.5707963267948966
BMGMC_018_7_6_15_layer1,2015-07-06,813.52489486963839,1079.4024390243903,237.91091690520528,95.450763363258872,-1.4287719302424449
BMGMC_018_7_6_15_layer1,2015-07-06,1828.9681679264504,1446.9952333639371,490.62912990805677,154.75790862591359,-1.5663751781096729
BMGMC_018_7_6_15_layer1,2015-07-06,1171.4024314214464,1426.148089597435,264.20809533936171,162.32906995927334,-0.95222186121444363
BMGMC_018_7_6_15_layer1,2015-07-06,831.95441730495747,1537.7184201990967,319.2483057723021,119.89307985157468,-1.5426619285448084
BMGMC_018_7_6_15_layer1,2015-07-06,1501.1970149253732,1510.3146811397557,151.19701285381939,116.37180836887818,1.562037527687216
BMGMC_018_7_6_15_layer2,2015-07-06,439.92607023203874,698.7054804152707,555.23444733985264,207.90704637216501,1.4903603234432956
BMGMC_018_7_6_15_layer2,2015-07-06,1712.6422506251934,845.97074841789606,768.30637072635261,349.3966622698216,1.5701840414557497
BMGMC_018_7_6_15_layer2,2015-07-06,1303.9952903612054,572.9901416882858,270.77926029385429,88.361157161813423,1.3720753289180538
BMGMC_018_7_6_15_layer2,2015-07-06,1027.4911690049598,1131.4551493781662,516.20920037264159,348.36068337809274,1.4507839084369316
BMGMC_018_7_6_15_layer2,2015-07-06,1337.4933464223386,1276.0071989528797,218.99897252297441,119.93162106965758,1.4411898696811631
BMGMC_018_7_6_15_layer2,2015-07-06,763.47412518482008,1328.1952111056351,196.18968078815104,118.51262133071035,-1.0708004227994159
BMGMC_018_7_6_15_layer3,2015-07-06,1173.0181427166031,620.75048616989636,248.54028809352411,167.93771795607719,-1.4064685388573128
BMGMC_018_7_6_15_layer3,2015-07-06,702.45928000691913,764.4995110008183,482.92616481408078,297.21590668465649,-1.3800764325836254
BMGMC_018_7_6_15_layer3,2015-07-06,1473.689396551724,737.48672413793099,128.25192802364526,86.375152343235712,-0.18758382563471268
BMGMC_018_7_6_15_layer3,2015-07-06,1577.2271037552682,1181.9723800729271,462.48168840133377,174.41042248100774,1.4608901764863358
BMGMC_018_7_6_15_layer3,2015-07-06,1258.4787029084748,1570.0024372693299,324.97136078423244,126.59552423119463,-1.3955736031015544
BMGMC_018_7_6_15_layer4,2015-07-06,577.99703044496482,325.50332552693209,508.57169939710519,200.44234504575741,-1.4845189311168745
BMGMC_018_7_6_15_layer4,2015-07-06,648.77051068164701,1273.5182112116693,383.89464881685183,168.48543807429704,-1.2832270300054256
BMGMC_013_baseline_7_7_15_layer1,2015-07-07,652.47257942016086,360.99662153314301,409.0271636030588,178.28795378259281,1.4905729778130914
BMGMC_013_baseline_7_7_15_layer1,2015-07-07,1822.4966874512861,328.33690568978955,142.70644728411966,103.02491351108631,-1.2544937661042712
BMGMC_013_baseline_7_7_15_layer1,2015-07-07,1188.5317270067333,469.25018507420594,324.87120352261371,166.76648209956684,1.4976825411201096
BMGMC_013_baseline_7_7_15_layer1,2015-07-07,190.50312707452571,481.92428636315992,218.02210635653705,125.36206422232246,1.4287729360075339
BMGMC_013_baseline_7_7_15_layer1,2015-07-07,440.53059041930669,736.91797489809915,320.68464287570947,147.57365969866149,-1.4898334927233461
BMGMC_013_baseline_7_7_15_layer1,2015-07-07,845.50235354429788,775.49718040732625,210.14215516317086,97.506143249113435,1.5578124622529641
BMGMC_013_baseline_7_7_15_layer1,2015-07-07,1842.0,881.0,272.92942032319309,180.72559178338705,-1.4098124702916868
BMGMC_013_baseline_7_7_15_layer1,2015-07-07,283.04078585133897,1171.9890047551514,547.28084350889822,209.15727571321619,1.4964963054852638
BMGMC_013_baseline_7_7_15_layer1,2015-07-07,1106.5062820331621,1181.4948858522216,559.7644419365098,229.33379599356581,1.4949058912489031
BMGMC_013_baseline_7_7_15_layer1,2015-07-07,526.49639902386764,1074.511160049997,291.87794171365442,164.9039937473656,1.4588828624531915
BMGMC_013_baseline_7_7_15_layer1,2015-07-07,1440.4959078208838,1247.5026003675955,530.94451084504158,218.21714994256894,-1.4861548832060345
BMGMC_013_baseline_7_7_15_layer1,2015-07-07,1892.5,1506.0,444.86535535520966,132.05598469939105,1.5707963267948966
BMGMC_013_baseline_7_7_15_layer2,2015-07-07,707.00174025457443,898.99630639845441,594.09078766059565,226.2949319266022,1.3921652295022031
BMGMC_013_baseline_7_7_15_layer2,2015-07-07,344.73974410235905,880.24904038384648,421.03314369460963,113.45008904604587,1.2647827040701896
BMGMC_013_baseline_7_7_15_layer2,2015-07-07,995.5,852.0,270.90692941838648,143.33980483369152,-1.4825179250048106
BMGMC_013_baseline_7_7_15_layer2,2015-07-07,1592.4821295167696,995.45417371131998,283.20738899710733,85.759324486137288,1.5342651645528878
BMGMC_013_baseline_7_7_15_layer2,2015-07-07,1947.1961683253196,1112.9468858324947,229.72669059698168,111.52530664701594,-1.4526259626877274
BMGMC_013_baseline_7_7_15_layer2,2015-07-07,476.13335430717501,1480.1004778103309,321.42977919850307,151.09145279269444,1.462492930455273
BMGMC_013_baseline_7_7_15_layer3,2015-07-07,309.0,474.0,356.43686743909319,174.50296486611253,1.5707963267948966
BMGMC_013_baseline_7_7_15_layer3,2015-07-07,1222.7186304092672,1000.871827964726,800.41077435714351,265.30293871623377,1.5351192600834553
BMGMC_013_baseline_7_7_15_layer3,2015-07-07,911.99517820413394,1193.4971844758404,421.52169237341877,201.55931784522076,1.4870323550368418
BMGMC_013_baseline_7_7_15_layer3,2015-07-07,1813.0119843349726,1130.5171225817851,224.00076671839687,144.77959392798792,-1.3119772670626688
BMGMC_019_7_7_15_layer1,2015-07-07,1461.8108464928073,194.45446907737943,325.3265618158328,171.19700561491473,-1.369703158163144
BMGMC_019_7_7_15_layer1,2015-07-07,1850.7964155929963,286.09060125536837,341.35622445361349,203.23307150908539,-1.449794306895517
BMGMC_019_7_7_15_layer1,2015-07-07,1118.7441128468174,386.98880858008857,154.30833455404601,106.17112503665875,0.7287625220775038
BMGMC_019_7_7_15_layer1,2015-07-07,567.99932914319209,659.51801217963327,553.43431988906684,264.91999274114971,1.4574915482470379
BMGMC_019_7_7_15_layer1,2015-07-07,1319.9886784047108,694.01833343018188,449.22166979339335,219.49268378868607,-1.4652235518160899
BMGMC_019_7_7_15_layer1,2015-07-07,1595.6948702227671,750.93302677294093,328.05863432520687,142.42981769908965,-1.36491794369678
BMGMC_019_7_7_15_layer1,2015-07-07,997.50455160118156,987.54741597479813,577.33489539439051,218.94788337696761,1.5373622850028701
BMGMC_019_7_7_15_layer1,2015-07-07,1806.2587733803696,930.55594752507989,284.57184545230558,182.63776361704353,-1.4553292915751477
BMGMC_019_7_7_15_layer1,2015-07-07,320.5,1060.5,246.49752785504762,85.320180710482418,1.5707963267948966
BMGMC_019_7_7_15_layer1,2015-07-07,1652.0409832778603,1333.7217588322574,236.81188102301923,201.11449642492337,1.1561097050312479
BMGMC_019_7_7_15_layer2,2015-07-07,1527.3275069415995,510.8224202285038,418.14613562793448,200.68548355762047,-1.3212429110783552
BMGMC_019_7_7_15_layer2,2015-07-07,446.49802967146735,942.00841251687109,785.3232216271623,224.33173926113352,1.4792491714966549
BMGMC_019_7_7_15_layer2,2015-07-07,1130.4767737877744,689.97232621522062,227.6376012699773,140.06718979624316,0.86211359473467952
BMGMC_019_7_7_15_layer2,2015-07-07,777.76379905951819,832.63966459192523,333.88866193181917,187.93621747255884,1.3471241111909396
BMGMC_019_7_7_15_layer2,2015-07-07,1270.9934852316098,1215.5003559056613,539.54885337709845,261.07529874878236,1.4022121809870955
BMGMC_019_7_7_15_layer2,2015-07-07,1075.5,1416.5,256.86742773213541,108.12792432853097,-1.5320771416763668
BMGMC_019_7_7_15_layer3,2015-07-07,1714.4947782576198,506.5052321235778,559.52322567334761,164.40293113077047,1.421277199688108
BMGMC_019_7_7_15_layer3,2015-07-07,817.50388231500085,518.68215871598318,423.79495211724696,181.66570743416793,1.3090175022964801
BMGMC_019_7_7_15_layer3,2015-07-07,1501.0,1029.5,547.91252826822392,184.85354393351679,1.5707963267948966
BMGMC_019_7_7_15_layer3,2015-07-07,633.26308651193972,1102.519208789869,324.43083882495642,193.15085362665189,-1.501325340857717
BMGMC_020_7_7_15_layer1,2015-07-07,1723.3014070826662,404.00809860079278,378.08618630164085,192.42411773796579,1.4275965518299414
BMGMC_020_7_7_15_layer1,2015-07-07,370.50075614089178,502.51623133506587,430.11987529972316,151.2133295601883,-1.4215920397244233
BMGMC_020_7_7_15_layer1,2015-07-07,1089.8890521040353,602.57622915406546,569.3913984227687,194.09239948506138,-1.4008515320281318
BMGMC_020_7_7_15_layer1,2015-07-07,754.49804581996125,510.49909440437227,259.7006176226858,115.72252027495749,-1.2602726145986867
BMGMC_020_7_7_15_layer1,2015-07-07,1335.4351796768228,896.74756009325506,587.17817582258476,202.29688606866341,1.4319513496161118
BMGMC_020_7_7_15_layer1,2015-07-07,839.23775303721595,1102.7528294773449,484.3785703571549,256.23249386120108,-1.3987623156131173
BMGMC_020_7_7_15_layer1,2015-07-07,377.54117044872891,1159.3690155263607,233.76892985616186,119.71227332017232,-1.4384007666896026
BMGMC_020_7_7_15_layer1,2015-07-07,1568.9687490204683,1301.4703162711971,393.11743861137677,154.99382122723333,-1.4177552856002222
BMGMC_020_7_7_15_layer1,2015-07-07,1218.2758697312686,1403.2224706617596,392.33193578567671,175.26007000333593,-1.4781191563662883
BMGMC_020_7_7_15_layer1,2015-07-07,441.60197944252434,1528.5741056600386,321.3998190112668,132.39373345099042,1.5482239166675638
BMGMC_020_7_7_15_layer2,2015-07-07,539.1896745950678,451.25083321173207,617.46592047917329,264.96017140107864,1.5256092483041399
BMGMC_020_7_7_15_layer2,2015-07-07,1465.0558690458035,545.96355040414824,292.64041319852947,192.56965821666952,-1.5400410029567719
BMGMC_020_7_7_15_layer2,2015-07-07,912.51113147192621,685.51248171545228,350.52658749313963,169.48050605423762,-1.4844424814553316
BMGMC_020_7_7_15_layer2,2015-07-07,1751.7737982193955,1083.8236666178072,759.12010537180049,197.38840357604442,1.4864131493411832
BMGMC_020_7_7_15_layer2,2015-07-07,421.50890211123618,1012.9937742654322,485.55822520698359,171.21490983752733,1.4876112801336359
BMGMC_020_7_7_15_layer2,2015-07-07,1097.1600544275766,1079.3860622715508,336.99993416505026,106.2096529952819,1.4748181435485244
BMGMC_020_7_7_15_layer3,2015-07-07,1323.5212167970903,457.72555935192327,184.34710228179296,94.001180297630427,-1.2606809411149513
BMGMC_020_7_7_15_layer3,2015-07-07,1859.5,696.0,389.27841553972877,156.3392365401088,1.5707963267948966
BMGMC_020_7_7_15_layer3,2015-07-07,1596.5035483767381,630.79278122089852,217.91530745292098,136.4648828863821,-1.361445194516048
BMGMC_020_7_7_15_layer3,2015-07-07,651.43446142189669,804.98910847329205,202.20309017674975,149.59684442082417,-1.4317303345260461
BMGMC_020_7_7_15_layer3,2015-07-07,1201.0,945.0,392.82028215207123,122.53209309366102,1.5707963267948966
BMGMC_020_7_7_15_layer4,2015-07-07,583.50919195873837,1113.5026894990383,467.66940463141151,239.91108153066858,-1.4694026436316894
BMGMC_021_7_7_15_layer1,2015-07-07,185.50292276935113,368.49951106088923,341.35726376684028,257.46699156684002,0.74019840776883805
BMGMC_021_7_7_15_layer1,2015-07-07,752.5,729.5,731.39698614816382,286.2136337471764,1.5707963267948966
BMGMC_021_7_7_15_layer1,2015-07-07,1214.5009991498946,505.49618556587211,348.18149441141134,248.41925822345272,0.858685060038617
BMGMC_021_7_7_15_layer1,2015-07-07,1582.5,679.5,509.76708566640815,199.65267862232079,1.5707963267948966
BMGMC_021_7_7_15_layer1,2015-07-07,1843.0,779.5,547.85979323848403,178.75833940419869,-1.1407851479677398
BMGMC_021_7_7_15_layer1,2015-07-07,492.5,1073.5,350.388480329353,230.79311197615604,1.5707963267948966
BMGMC_021_7_7_15_layer1,2015-07-07,1576.0,1125.0,256.39960073209392,194.08934516858483,1.3131283067061159
BMGMC_021_7_7_15_layer1,2015-07-07,893.49172891402304,1342.9678833882722,325.05312910598718,97.146650859675603,-1.4531090684173764
BMGMC_021_7_7_15_layer1,2015-07-07,216.51558926487749,1334.7112252042007,288.56127621324225,141.80410200745413,-1.3752259116435599
BMGMC_021_7_7_15_layer2,2015-07-07,1296.4787377736377,233.50193292966929,293.44399795266372,139.73735949982537,1.2541427196658437
BMGMC_021_7_7_15_layer2,2015-07-07,1586.5,271.5,298.34582142744097,154.53185738270241,1.5707963267948966
BMGMC_021_7_7_15_layer2,2015-07-07,1800.0045617464973,447.99698598892149,373.09322130022031,188.52264163185146,-1.4156617788674832
BMGMC_021_7_7_15_layer2,2015-07-07,1440.5,537.5,287.90952788630534,123.39672371898271,1.5707963267948966
BMGMC_021_7_7_15_layer2,2015-07-07,628.49922445935874,840.49764354958984,379.0619661500408,168.91328559016264,1.2800618289920487
BMGMC_021_7_7_15_layer2,2015-07-07,1341.9966145261903,1038.9961443214945,643.64011602531468,331.3075768187951,1.3726817164273266
BMGMC_021_7_7_15_layer2,2015-07-07,980.5,1474.5,237.78598512540367,137.26380191645598,1.5707963267948966
BMGMC_021_7_7_15_layer3,2015-07-07,334.26839450246922,732.73845354098478,551.05359021996253,326.69169201472931,-1.4588158744964392
BMGMC_021_7_7_15_layer3,2015-07-07,1063.5008707681286,979.99251509948988,636.21908231083228,243.04299361231779,1.3589052342206145
BMGMC_022_7_7_15_layer1,2015-07-07,1038.9641140786259,140.20247380445915,190.9356105657256,126.9697402908653,-1.3078617415634
BMGMC_022_7_7_15_layer1,2015-07-07,580.0,297.0,255.94956288615217,191.82537643959674,1.5707963267948966
BMGMC_022_7_7_15_layer1,2015-07-07,894.5,318.0,212.51742864226645,147.66252932649732,1.5707963267948966
BMGMC_022_7_7_15_layer1,2015-07-07,912.27208576998055,772.00833008447046,490.34819758793981,299.71364731275776,-1.3453264838760508
BMGMC_022_7_7_15_layer1,2015-07-07,1507.0,802.0,507.05960872688644,307.8672842926461,1.5707963267948966
BMGMC_022_7_7_15_layer1,2015-07-07,312.48241374323533,1045.5224043050364,487.24063527342179,257.49131422386529,1.4065040356642147
BMGMC_022_7_7_15_layer1,2015-07-07,514.16691347577751,907.51660672731123,147.8746475461144,91.58114530829161,-1.4353004515014804
BMGMC_022_7_7_15_layer1,2015-07-07,1187.0251098285812,1179.4395009618975,367.14845761974993,181.16788411739927,1.4421278099571369
BMGMC_022_7_7_15_layer1,2015-07-07,1434.5060354287507,1423.4775239065684,564.27641359141819,172.72492457041088,-1.2201543126160728
BMGMC_022_7_7_15_layer2,2015-07-07,1369.0150829143636,470.51170800811087,433.0722934224209,158.76639786128786,-1.5156535714861565
BMGMC_022_7_7_15_layer2,2015-07-07,697.7391700174494,577.24580836051894,514.74935084021547,244.52602606977541,-1.341624855622874
BMGMC_022_7_7_15_layer2,2015-07-07,305.18682812589248,619.76826412292223,413.3373032410463,202.23323804733818,1.4956296791226587
BMGMC_022_7_7_15_layer2,2015-07-07,717.0,1152.2051855751513,412.66253546244542,210.98820933911583,1.5707963267948855
BMGMC_022_7_7_15_layer3,2015-07-07,646.96911362539549,910.21834950935704,237.56643965440512,149.92545340166058,-0.95165061672616746
BMGMC_022_7_7_15_layer3,2015-07-07,989.49228750033831,1250.7457581251861,497.11957625369735,283.93659724875522,1.4584900447883677
BMGMC_023_7_7_15_layer1,2015-07-07,202.51086295034079,159.51168451801362,215.4518987346743,145.66154075941421,1.2036273151719823
BMGMC_023_7_7_15_layer1,2015-07-07,799.50404063290659,489.50205807937766,280.78080644626527,180.12380923970804,-1.2629656712710089
BMGMC_023_7_7_15_layer1,2015-07-07,177.52002618918843,716.7464772694924,412.47725558853762,243.98327958154707,1.2132214299285697
BMGMC_023_7_7_15_layer1,2015-07-07,1457.5288254310344,954.47998383620688,251.66042957103551,140.85522588637488,1.0031099807194428
BMGMC_023_7_7_15_layer1,2015-07-07,1695.0,1202.5,364.20309377240949,236.86862431495493,1.5707963267948966
BMGMC_023_7_7_15_layer1,2015-07-07,1024.4964284264784,1196.5034904013962,338.35019091095995,139.07964541128962,-1.3693230519350066
BMGMC_023_7_7_15_layer1,2015-07-07,540.73903401421092,1455.0426030587573,543.17769382123879,237.03079405807017,-1.38866852925068
BMGMC_023_7_7_15_layer2,2015-07-07,1652.5,225.5,298.70577811918338,196.66270181372468,1.5707963267948966
BMGMC_023_7_7_15_layer2,2015-07-07,290.49778793380494,370.5093595442309,354.51536847684326,258.15193404444705,-1.0686198804969733
BMGMC_023_7_7_15_layer2,2015-07-07,1034.501113585746,594.50001374797216,498.96026119961789,348.02267052637791,1.4055990832526206
BMGMC_023_7_7_15_layer2,2015-07-07,1682.587770863566,709.72122061801576,482.3310561694463,241.48362457669643,1.5698606708307552
BMGMC_023_7_7_15_layer2,2015-07-07,751.5,946.5,165.00332000079842,118.15398273593559,1.5707963267948966
BMGMC_023_7_7_15_layer2,2015-07-07,210.50830921597404,1103.4855090880769,408.24721203491174,285.30781709277596,1.3297356633525874
BMGMC_023_7_7_15_layer2,2015-07-07,1399.5010450993316,1195.5181433010075,364.41264389745618,139.16109061485162,1.5147300913859192
BMGMC_023_7_7_15_layer2,2015-07-07,374.42539779251518,1451.4203594778901,257.91901598189997,157.99630013090379,-1.035851452986841
BMGMC_023_7_7_15_layer3,2015-07-07,1082.4956759738911,189.50022569481763,441.66559586854584,301.76413205192375,-0.40828818421577456
BMGMC_023_7_7_15_layer3,2015-07-07,602.49595143762156,768.50298252582763,805.15990056068779,349.33936567597533,1.4819439544699735
BMGMC_023_7_7_15_layer4,2015-07-07,95.488345387021113,313.54180512118842,339.93115441897049,114.97645476989389,-1.5164075291698942
BMGMC_023_7_7_15_layer4,2015-07-07,1384.503292077068,607.5017624250969,749.81787829663779,382.98450495613054,-1.5194738009455453
BMGMC_023_7_7_15_layer4,2015-07-07,901.49575091362613,940.4952795985846,435.31175554010343,302.53423694270134,1.4129706540179419
BMGMC_023_7_7_15_layer4,2015-07-07,411.50096084898894,962.50762464744969,464.91640196607557,214.8368433588785,1.477071497713601
BMGMC_024_7_7_15_layer1,2015-07-07,1039.4975376117732,200.50790861159931,338.88600255093201,145.90656763743283,1.4259856328470588
BMGMC_024_7_7_15_layer1,2015-07-07,768.52079834285075,257.02077035046466,228.43502445359152,149.33977400469578,1.4533787586056963
BMGMC_024_7_7_15_layer1,2015-07-07,1377.0,393.0,404.64178938971554,278.8108570874287,-1.3966701773279135
BMGMC_024_7_7_15_layer1,2015-07-07,1066.5,611.5,367.71469555195574,199.5894977892678,1.5707963267948966
BMGMC_024_7_7_15_layer1,2015-07-07,417.49869160874908,692.49966050489411,478.48942341143737,261.59361729413223,1.1628417103188904
BMGMC_024_7_7_15_layer1,2015-07-07,767.16655634618564,717.03753102763528,327.70231364657542,176.09494795813461,1.4915495829619592
BMGMC_024_7_7_15_layer1,2015-07-07,1358.510288540808,1104.9931959329485,631.53467052111228,275.12367303798766,1.511643250545619
BMGMC_024_7_7_15_layer1,2015-07-07,1091.0774674950362,1011.3393326074425,209.6945650079374,142.20258953309641,-1.1229390216683692
BMGMC_024_7_7_15_layer1,2015-07-07,263.5,1177.0,257.62335419816725,215.21010842469929,1.5707963267948966
BMGMC_024_7_7_15_layer1,2015-07-07,781.0,1415.5,133.75676318273491,108.61687896795931,1.5707963267948966
BMGMC_024_7_7_15_layer2,2015-07-07,926.00806815399085,362.59723672170026,517.03660398824968,143.30345046223246,1.5178841011785384
BMGMC_024_7_7_15_layer2,2015-07-07,468.49535827124856,353.51400319850217,422.94928169747459,231.53274742277128,-1.4945200585110643
BMGMC_024_7_7_15_layer2,2015-07-07,1195.5177557755776,564.44656004061949,515.2395494395538,182.51255643255874,1.4761695808119899
BMGMC_024_7_7_15_layer2,2015-07-07,213.99596390962199,745.50328209547217,522.15503152478391,288.63675819632022,1.4625260811328504
BMGMC_024_7_7_15_layer2,2015-07-07,1498.5005894361541,777.50220918753655,416.46523832483319,239.23897885769151,1.2039207333483279
BMGMC_024_7_7_15_layer2,2015-07-07,635.5,893.0,243.75546947974098,213.4368211950005,1.5707963267948966
BMGMC_024_7_7_15_layer2,2015-07-07,926.83536704174583,983.84599834380629,396.74921186677102,197.6457854720154,-1.4973814926189921
BMGMC_024_7_7_15_layer2,2015-07-07,1725.4924388770685,1448.4357807900135,530.70736139432552,330.66553200339126,1.2087648777261759
BMGMC_024_7_7_15_layer2,2015-07-07,415.00759999141246,1384.0069559243436,335.51845891442446,132.57192827668115,1.3116453218597717
BMGMC_024_7_7_15_layer2,2015-07-07,633.48948555956679,1546.5358754512636,358.9665687414082,176.85297544704602,-1.4804331658739409
BMGMC_025_7_7_15_layer1,2015-07-07,1678.4978244058955,267.50472629064092,383.07658818636992,215.98431867090252,1.3572099957966677
BMGMC_025_7_7_15_layer1,2015-07-07,1226.0014337502478,635.50002914126514,508.56914095105924,161.08591019602079,1.4433528327174108
BMGMC_025_7_7_15_layer1,2015-07-07,728.99985314171829,615.99937060736386,333.06627920525546,136.66116363130169,1.3546771450240727
BMGMC_025_7_7_15_layer1,2015-07-07,391.49979367520729,803.97824211276588,349.91973434457753,145.49543005842722,1.2340615241562047
BMGMC_025_7_7_15_layer1,2015-07-07,1670.0,890.5,480.16335293120329,186.64497314134539,1.5707963267948966
BMGMC_025_7_7_15_layer1,2015-07-07,1021.4942798794511,950.49476564358793,469.99991223812577,204.94902873065416,1.5045000770181614
BMGMC_025_7_7_15_layer1,2015-07-07,521.50253243988254,1195.0018489052241,363.73781188241497,234.28996841044764,-1.2750977865280211
BMGMC_025_7_7_15_layer1,2015-07-07,1459.0000445176513,1380.5083915772605,327.20531093454491,196.67248718430167,1.4769211828976743
BMGMC_025_7_7_15_layer1,2015-07-07,274.49293356504262,1482.9960218588387,409.96131282916423,111.25138303859227,1.4603380742951042
BMGMC_025_7_7_15_layer2,2015-07-07,1468.4948114541794,432.99884082728329,579.29639244978785,297.21416829797562,1.2412894591494001
BMGMC_025_7_7_15_layer2,2015-07-07,1049.5,440.5,192.68413425247363,135.4750786201252,1.5707963267948966
BMGMC_025_7_7_15_layer2,2015-07-07,355.52665568654646,930.27632864708107,684.48251484496211,389.06842309053235,-1.206970631044586
BMGMC_025_7_7_15_layer2,2015-07-07,826.0,1048.0,491.54079631642412,242.06564456336892,1.5707963267948966
BMGMC_025_7_7_15_layer2,2015-07-07,1676.9971625917756,1334.9869520643699,407.50676731657012,226.29140465192361,-1.3933683675420423
BMGMC_025_7_7_15_layer2,2015-07-07,1193.4967205684918,1369.993560855474,446.68357156735311,249.99979310314063,1.383995289823863
BMGMC_025_7_7_15_layer3,2015-07-07,554.00296609217355,433.00369638001933,433.88447855487698,195.89342192684646,1.3653445858176043
BMGMC_025_7_7_15_layer3,2015-07-07,917.0,578.0,333.72117700944756,152.07364113904495,-1.3269285970680076
BMGMC_025_7_7_15_layer3,2015-07-07,1392.5016667477737,1035.9919399970802,624.98936946729293,251.17746395653779,-1.2628359390735882
BMGMC_025_7_7_15_layer3,2015-07-07,714.66539018836681,1413.9776098806319,412.2460007211165,201.43278847575078,-1.5705270704254415
BMGMC_025_7_7_15_layer4,2015-07-07,1181.4996735582154,959.00480759719062,332.18800807386583,145.30124675162531,1.2867255075679271
