file_name,location,date,x_coordiate,y_coordiate,long_axis,short_axis,angle
BMGMC_013_baseline_6_24_15_layer1,13,6/24/2015,1293.07234,221.5126334,236.4299204,96.87265275,1.5011073
BMGMC_013_baseline_6_24_15_layer1,13,6/24/2015,657.501184,363.027772,386.2629133,153.4719927,1.497532496
BMGMC_013_baseline_6_24_15_layer1,13,6/24/2015,832.4978691,308.5364651,291.960144,68.31018749,-1.511600177
BMGMC_013_baseline_6_24_15_layer1,13,6/24/2015,188.4686173,480.8780478,207.5178908,117.0165613,1.509365999
BMGMC_013_baseline_6_24_15_layer1,13,6/24/2015,701.2414472,906.4433221,562.1148008,175.2407057,1.410182788
BMGMC_013_baseline_6_24_15_layer1,13,6/24/2015,443.5259934,756.1905101,296.5507,99.35887765,-1.409377627
BMGMC_013_baseline_6_24_15_layer1,13,6/24/2015,1674.5,755,147.1242083,57.83184145,1.570796327
BMGMC_013_baseline_6_24_15_layer1,13,6/24/2015,1001.849789,840.6999028,258.974277,125.2219397,-1.337382258
BMGMC_013_baseline_6_24_15_layer1,13,6/24/2015,1835.5,890,256.3850695,158.6358658,-1.440112042
BMGMC_013_baseline_6_24_15_layer1,13,6/24/2015,1289.993367,1096.508663,483.8876604,124.9542326,-1.408123425
BMGMC_013_baseline_6_24_15_layer1,13,6/24/2015,515.4441179,1074.008915,280.0639039,171.7307593,1.396057936
BMGMC_013_baseline_6_24_15_layer1,13,6/24/2015,1423.5,1354,290.8003365,186.0666308,1.570796327
BMGMC_013_baseline_6_24_15_layer1,13,6/24/2015,1892.5,1504,408.8926891,115.0234348,1.570796327
BMGMC_013_baseline_6_24_15_layer1,13,6/24/2015,475.0101521,1476.385047,309.5068088,143.4502061,1.516553513
BMGMC_013_baseline_6_24_15_layer2,13,6/24/2015,318.4866314,460.0291783,321.6703456,154.4477175,1.518157199
BMGMC_013_baseline_6_24_15_layer2,13,6/24/2015,1217.5,635.5,559.7184544,177.7188242,1.47692502
BMGMC_013_baseline_6_24_15_layer2,13,6/24/2015,854.3260049,782.2893071,204.8070668,83.98549748,1.505361198
BMGMC_013_baseline_6_24_15_layer2,13,6/24/2015,297.6800059,1079.786713,676.4892494,209.4256613,-1.511090304
BMGMC_013_baseline_6_24_15_layer2,13,6/24/2015,1096.00432,1175.062656,551.3497642,177.220754,1.51553367
BMGMC_013_baseline_6_24_15_layer2,13,6/24/2015,1947.189072,1116.514858,217.2251844,111.8413166,-1.478668244
BMGMC_013_baseline_6_24_15_layer3,13,6/24/2015,908.1903353,1195.751103,404.6055957,185.1107021,1.429226962
BMGMC_013_baseline_6_24_15_layer3,13,6/24/2015,1817.783401,1130.98675,185.9141125,120.5640708,-1.31968175
BMGMC_003_6_24_15_layer1,3,6/24/2015,1669.768288,187.9895237,287.9111699,217.8193066,-1.283894156
BMGMC_003_6_24_15_layer1,3,6/24/2015,884,414.5,350.4253877,129.4727336,1.570796327
BMGMC_003_6_24_15_layer1,3,6/24/2015,628.7491292,692.9456216,594.2459423,105.6491081,1.557412328
BMGMC_003_6_24_15_layer1,3,6/24/2015,350.2417675,639.6753893,494.7847088,148.985351,1.417401089
BMGMC_003_6_24_15_layer1,3,6/24/2015,1349.492624,600.2454873,306.9945515,103.7399893,1.307312609
BMGMC_003_6_24_15_layer1,3,6/24/2015,1637,824.5,305.2559068,100.029923,1.570796327
BMGMC_003_6_24_15_layer1,3,6/24/2015,902.494707,1005.279116,474.1612777,253.9759608,1.524279483
BMGMC_003_6_24_15_layer1,3,6/24/2015,1497.29812,984.9420496,323.3613536,137.2868776,1.454711477
BMGMC_003_6_24_15_layer1,3,6/24/2015,1928.494817,978.2611465,296.7571149,172.2768436,-1.379394118
BMGMC_003_6_24_15_layer1,3,6/24/2015,250.1926137,990.6762428,270.2281067,100.3775916,-1.331524618
BMGMC_003_6_24_15_layer1,3,6/24/2015,524.5724249,1040.746781,128.5785397,27.69649516,1.371152684
BMGMC_003_6_24_15_layer1,3,6/24/2015,718.8438086,1092.110069,159.9906702,38.18285047,1.40510763
BMGMC_003_6_24_15_layer1,3,6/24/2015,1170.833404,1118.837305,189.6076374,47.76975425,-1.414037153
BMGMC_003_6_24_15_layer1,3,6/24/2015,1573.501219,1362.240085,404.1022456,93.07464091,-1.375869038
BMGMC_003_6_24_15_layer1,3,6/24/2015,1190.993613,1380.496618,390.2534702,97.31454254,-1.325141803
BMGMC_003_6_24_15_layer1,3,6/24/2015,821,1426,162.3494914,105.1624298,1.570796327
BMGMC_003_6_24_15_layer1,3,6/24/2015,343.9878859,1508.715241,291.7126389,83.2317784,1.276655763
BMGMC_003_6_24_15_layer2,3,6/24/2015,745.5,434,412.5698466,41.99458267,1.570796327
BMGMC_003_6_24_15_layer2,3,6/24/2015,612.6432334,292.215863,114.0547183,82.65879515,1.063574267
BMGMC_003_6_24_15_layer2,3,6/24/2015,1033.083854,588.5218904,511.5774168,195.8707907,-1.419381234
BMGMC_003_6_24_15_layer2,3,6/24/2015,191.5023422,578.5035354,271.5251747,79.58187381,1.309364189
BMGMC_003_6_24_15_layer2,3,6/24/2015,1599.100239,564.8315587,181.200689,57.41419452,-1.371538324
BMGMC_003_6_24_15_layer2,3,6/24/2015,1255.479682,1044.334872,382.0726793,68.76341859,1.407287949
BMGMC_003_6_24_15_layer2,3,6/24/2015,486.5082214,1168.939681,265.1479952,83.89115575,1.222636116
BMGMC_003_6_24_15_layer2,3,6/24/2015,421.9293987,1353.06946,320.8336212,88.66119827,1.455471889
BMGMC_003_6_24_15_layer2,3,6/24/2015,971.7656618,1464.237639,349.3023216,86.97278822,1.472496547
BMGMC_003_6_24_15_layer2,3,6/24/2015,1286.605531,1503.621468,401.2233794,87.36293695,-1.543527951
BMGMC_003_6_24_15_layer3,3,6/24/2015,1105.123525,819.0941188,217.3781935,44.67447643,1.501173661
BMGMC_003_6_24_15_layer3,3,6/24/2015,1145.131089,1019.23787,210.76125,47.90853772,-1.409297911
BMGMC_003_6_24_15_layer3,3,6/24/2015,1391.052523,1170.79348,440.0154025,123.3007867,1.497607958
BMGMC_003_6_24_15_layer3,3,6/24/2015,1731.514695,1475.982451,208.2539104,86.74956183,-1.296430674
BMGMC_003_6_24_15_layer3,3,6/24/2015,1086.5,1562.5,324.4830911,62.77762043,1.570796327
BMGMC_003_6_24_15_layer4,3,6/24/2015,1309.611104,849.1051475,244.0780303,89.00901975,1.559559674
BMGMC_004_6_24_15_layer1,4,6/24/2015,674.7416704,366.2113452,433.971418,77.93395027,-1.530869971
BMGMC_004_6_24_15_layer1,4,6/24/2015,536.4642595,378.8753799,385.9470755,94.42964213,-1.457205268
BMGMC_004_6_24_15_layer1,4,6/24/2015,209.7047146,509.7521641,296.6627138,169.9368667,-1.380111177
BMGMC_004_6_24_15_layer1,4,6/24/2015,1029.711098,622.1884615,313.7418195,124.2447573,-1.39613937
BMGMC_004_6_24_15_layer1,4,6/24/2015,357.0044968,633.0553533,139.8435221,63.78203874,-1.267736317
BMGMC_004_6_24_15_layer1,4,6/24/2015,456.5008333,932.4975278,581.1446382,178.4663492,-1.452362977
BMGMC_004_6_24_15_layer1,4,6/24/2015,240.1938454,1342.964377,352.4343809,126.2624945,-1.434213578
BMGMC_004_6_24_15_layer2,4,6/24/2015,605.2428946,185.2299205,233.6918282,107.4023112,1.350245484
BMGMC_004_6_24_15_layer2,4,6/24/2015,1201.500012,424.9999419,501.514933,163.8406092,-1.442673746
BMGMC_004_6_24_15_layer2,4,6/24/2015,925.9832388,706.9950337,335.9109587,100.7491143,-1.489718019
BMGMC_004_6_24_15_layer2,4,6/24/2015,621.4963461,887.9585738,473.7371506,86.61670485,-1.384586661
BMGMC_004_6_24_15_layer2,4,6/24/2015,285,1108,121.4428299,71.02943969,-1.531878591
BMGMC_005_6_24_15_layer1,5,6/24/2015,1167.252361,249.738786,348.2801727,88.26832062,1.481006636
BMGMC_005_6_24_15_layer1,5,6/24/2015,1502.287441,558.9798862,277.3640737,88.32468592,1.326183101
BMGMC_005_6_24_15_layer1,5,6/24/2015,541,564,139.8888712,113.9383207,1.570796327
BMGMC_005_6_24_15_layer1,5,6/24/2015,722.5454823,811.4966543,521.1864717,203.7191639,1.474862485
BMGMC_005_6_24_15_layer1,5,6/24/2015,976.0128998,742.5060615,296.9410708,115.9254182,1.570756221
BMGMC_005_6_24_15_layer1,5,6/24/2015,448.5204791,938.5941615,401.1115954,101.7788354,1.432907386
BMGMC_005_6_24_15_layer1,5,6/24/2015,243.4991741,1146.487213,562.5583587,212.7336863,1.376734484
BMGMC_005_6_24_15_layer1,5,6/24/2015,1257.453271,1448.377322,571.9608188,106.1366326,-1.532759728
BMGMC_005_6_24_15_layer1,5,6/24/2015,905.5163864,1495.529719,457.7701127,63.52791128,1.290872456
BMGMC_005_6_24_15_layer2,5,6/24/2015,877.1248894,665.6483062,328.2383918,111.8158205,-1.425776398
BMGMC_005_6_24_15_layer2,5,6/24/2015,582.9961181,1042.023565,566.2459033,148.1414648,1.343444214
BMGMC_005_6_24_15_layer2,5,6/24/2015,1044.713206,1062.298316,405.1064801,165.9154701,-1.549587988
BMGMC_005_6_24_15_layer3,5,6/24/2015,906.0327502,1159.512541,270.1396019,134.166375,1.090689761
BMGMC_005_6_24_15_layer4,5,6/24/2015,880.6079233,975.0864937,130.854838,103.5266032,-1.096254147
BMGMC_013_baseline_7_1_15_layer1,13,7/1/2015,1294.180366,226.917159,232.1347437,96.08959867,1.438882797
BMGMC_013_baseline_7_1_15_layer1,13,7/1/2015,653.499036,362.2705651,399.894783,169.6774754,1.497584474
BMGMC_013_baseline_7_1_15_layer1,13,7/1/2015,829.5,361,216.2581951,73.15844377,1.570796327
BMGMC_013_baseline_7_1_15_layer1,13,7/1/2015,305.5,462.5,320.9155888,168.4568443,1.570796327
BMGMC_013_baseline_7_1_15_layer1,13,7/1/2015,1249.481696,772.7630938,312.694853,196.789771,-1.453028891
BMGMC_013_baseline_7_1_15_layer1,13,7/1/2015,1681.700292,750.7488225,214.2933686,74.74868118,1.41537327
BMGMC_013_baseline_7_1_15_layer1,13,7/1/2015,847.5,776.5,211.6304933,93.94438541,1.570796327
BMGMC_013_baseline_7_1_15_layer1,13,7/1/2015,1840.007846,879.7302037,264.9097001,164.0209175,-1.424277711
BMGMC_013_baseline_7_1_15_layer1,13,7/1/2015,1588,971.5,213.5617882,80.94152618,1.570796327
BMGMC_013_baseline_7_1_15_layer1,13,7/1/2015,1105.248229,1179.98349,550.3807253,219.2176114,1.488809771
BMGMC_013_baseline_7_1_15_layer1,13,7/1/2015,257.7032634,1063.760431,346.8790572,141.7219829,-1.494067576
BMGMC_013_baseline_7_1_15_layer1,13,7/1/2015,525.5037995,1068.261064,273.4545464,193.0090199,1.446282301
BMGMC_013_baseline_7_1_15_layer1,13,7/1/2015,1947.736544,1110.730066,219.8750189,106.5974128,-1.481353485
BMGMC_013_baseline_7_1_15_layer1,13,7/1/2015,1424.798298,1354.254598,291.1596727,198.474034,1.568859793
BMGMC_013_baseline_7_1_15_layer1,13,7/1/2015,1890.486217,1500.5,417.1636696,116.0902951,1.570796327
BMGMC_013_baseline_7_1_15_layer1,13,7/1/2015,625.1734394,1451.320746,180.7550181,79.04612685,-1.310564949
BMGMC_013_baseline_7_1_15_layer2,13,7/1/2015,1209,478.5,308.8300519,117.3382512,1.570796327
BMGMC_013_baseline_7_1_15_layer2,13,7/1/2015,193.7045023,482.2768582,210.0403627,119.7638573,1.393136524
BMGMC_013_baseline_7_1_15_layer2,13,7/1/2015,714.914751,906.5101759,567.0928008,194.1905577,1.391372321
BMGMC_013_baseline_7_1_15_layer2,13,7/1/2015,324.002056,859.4896019,380.2445943,74.51225242,1.368518172
BMGMC_013_baseline_7_1_15_layer2,13,7/1/2015,1001.223684,840.2828628,262.7158866,119.0972216,-1.346599027
BMGMC_013_baseline_7_1_15_layer2,13,7/1/2015,1293.50262,1089.253333,489.3140121,140.383401,-1.409304054
BMGMC_013_baseline_7_1_15_layer2,13,7/1/2015,1814.245373,1133.213904,204.4670074,139.8034421,-1.197972822
BMGMC_013_baseline_7_1_15_layer2,13,7/1/2015,476,1478,307.9541299,151.9832967,1.570796327
BMGMC_013_baseline_7_1_15_layer3,13,7/1/2015,447.9316638,752.6015297,297.9404373,108.5334449,-1.369099052
BMGMC_013_baseline_7_1_15_layer3,13,7/1/2015,1455.008702,1076.493143,239.5416753,129.6500884,-1.177875762
BMGMC_013_baseline_7_1_15_layer3,13,7/1/2015,899.7176866,1239.961756,340.632395,164.2747615,1.293071544
BMGMC_006_7_1_15_layer1,6,7/1/2015,1641.5,305.5,291.5767009,80.06791129,1.570796327
BMGMC_006_7_1_15_layer1,6,7/1/2015,1157.5,606.5,591.0867057,173.9391101,1.550649924
BMGMC_006_7_1_15_layer1,6,7/1/2015,750.5,642.5,310.4981611,109.5481665,1.570796327
BMGMC_006_7_1_15_layer1,6,7/1/2015,1780.496134,716.49694,335.985703,137.4659425,1.289450716
BMGMC_006_7_1_15_layer1,6,7/1/2015,1544.5,746.5,192.6838228,99.41907675,-1.484466191
BMGMC_006_7_1_15_layer1,6,7/1/2015,114.5030558,1040.492656,618.5292548,159.1464663,1.434872893
BMGMC_006_7_1_15_layer1,6,7/1/2015,678.506318,983.4982018,204.8579286,95.91670526,1.43782331
BMGMC_006_7_1_15_layer1,6,7/1/2015,1247.49358,1134.495174,307.8793616,105.0880886,1.314729669
BMGMC_006_7_1_15_layer1,6,7/1/2015,325.5084584,1082.49171,203.029763,83.68924998,-1.259007425
BMGMC_006_7_1_15_layer1,6,7/1/2015,1007.5,1173.5,236.0489243,125.1344669,1.570796327
BMGMC_006_7_1_15_layer1,6,7/1/2015,987.5006478,1507.492484,337.5663412,159.3881803,-1.316084431
BMGMC_006_7_1_15_layer1,6,7/1/2015,608.4983746,1477.502029,254.8512935,148.6939857,1.389754327
BMGMC_006_7_1_15_layer2,6,7/1/2015,1267.52304,451.4163051,517.1046483,165.9930511,-1.465785665
BMGMC_006_7_1_15_layer2,6,7/1/2015,639.5031093,395.4976626,301.9217257,147.4967893,1.318927682
BMGMC_006_7_1_15_layer2,6,7/1/2015,311.5013798,667.5046229,626.6108258,267.8441023,-1.471216255
BMGMC_006_7_1_15_layer2,6,7/1/2015,1664.500227,827.50859,390.2606595,129.3246865,1.330458082
BMGMC_006_7_1_15_layer2,6,7/1/2015,1477.496395,1223.495721,556.3745443,315.6574134,1.417638686
BMGMC_006_7_1_15_layer2,6,7/1/2015,893.4900606,1092.488015,244.57906,101.1532524,1.494503706
BMGMC_006_7_1_15_layer2,6,7/1/2015,1142.5,1340.5,359.0072006,126.8671499,1.570796327
BMGMC_006_7_1_15_layer2,6,7/1/2015,420.5087969,1501.696156,410.1711075,102.9528825,1.535462041
BMGMC_006_7_1_15_layer3,6,7/1/2015,1395.374909,457.4011945,675.9633124,243.6282694,1.521127756
BMGMC_006_7_1_15_layer3,6,7/1/2015,544.5017951,533.5039413,562.0016953,87.08746924,1.289971811
BMGMC_006_7_1_15_layer3,6,7/1/2015,135.2856736,505.7925604,466.9679427,107.6429434,1.486240087
BMGMC_006_7_1_15_layer3,6,7/1/2015,808.4357089,1389.372829,559.5025509,194.1706637,1.407940847
BMGMC_007_7_1_15_layer1,7,7/1/2015,679.2457521,412.0579701,478.6476257,250.6817932,-1.395586723
BMGMC_007_7_1_15_layer1,7,7/1/2015,1562.075663,356.9789488,321.0463681,88.4560648,-1.427911955
BMGMC_007_7_1_15_layer1,7,7/1/2015,1163.562378,563.5420256,548.1736675,192.5018787,-1.544153251
BMGMC_007_7_1_15_layer1,7,7/1/2015,1898.811116,631.5557773,340.4543853,134.8965939,1.456364657
BMGMC_007_7_1_15_layer1,7,7/1/2015,403.508088,623.2752263,246.0541829,149.2322265,1.334443716
BMGMC_007_7_1_15_layer1,7,7/1/2015,828.2853419,822.9386335,484.3203024,142.2085406,-1.429425471
BMGMC_007_7_1_15_layer1,7,7/1/2015,554.6379475,816.94458,231.3887288,133.5970146,-1.447666126
BMGMC_007_7_1_15_layer1,7,7/1/2015,404.9992201,1166.137337,533.0528098,101.0695788,-1.522106437
BMGMC_007_7_1_15_layer1,7,7/1/2015,1874.990281,1338.474719,645.147388,134.024028,1.541877943
BMGMC_007_7_1_15_layer1,7,7/1/2015,1242,1169.5,249.8335343,113.8725403,1.570796327
BMGMC_007_7_1_15_layer1,7,7/1/2015,1502.779051,1316.757155,484.6298357,169.7204328,-1.471559311
BMGMC_007_7_1_15_layer2,7,7/1/2015,979.2267791,382.5250071,524.533853,248.9418809,-1.504204985
BMGMC_007_7_1_15_layer2,7,7/1/2015,1302.943273,380.9942303,182.6021777,102.4229243,-1.414415462
BMGMC_007_7_1_15_layer2,7,7/1/2015,1324.530936,796.2617355,331.1531469,97.73814258,-1.52178588
BMGMC_007_7_1_15_layer2,7,7/1/2015,1041.007138,995.4456174,445.7129818,156.0710946,1.496116199
BMGMC_007_7_1_15_layer2,7,7/1/2015,637.9620405,1019.226085,487.0145799,170.0478461,-1.374934512
BMGMC_007_7_1_15_layer2,7,7/1/2015,1650.87244,1056.272376,315.1181757,141.0223572,-1.511381093
BMGMC_007_7_1_15_layer2,7,7/1/2015,681.5002916,1370.994571,210.9223987,100.9106605,-1.570783984
BMGMC_007_7_1_15_layer2,7,7/1/2015,1347.295676,1523.523542,423.5116764,128.917226,1.517840248
BMGMC_007_7_1_15_layer2,7,7/1/2015,1635.001645,1491.495467,270.1285332,100.9960004,-1.439191821
BMGMC_007_7_1_15_layer3,7,7/1/2015,1782.536262,760.0051399,469.4799117,194.3064369,1.443225452
BMGMC_007_7_1_15_layer3,7,7/1/2015,1531.776305,781.3026322,474.6281145,198.6554713,1.482126319
BMGMC_008_7_1_15_layer1,8,7/1/2015,1465.506541,241.4990929,336.0292906,148.8067542,-1.483753446
BMGMC_008_7_1_15_layer1,8,7/1/2015,1011.781283,351.9559794,349.633523,108.3942688,-1.480045679
BMGMC_008_7_1_15_layer1,8,7/1/2015,491.5014994,497.5047003,479.3150704,177.3874058,-1.499531927
BMGMC_008_7_1_15_layer1,8,7/1/2015,1699.22031,502.5003656,321.3719958,190.9833737,1.416298244
BMGMC_008_7_1_15_layer1,8,7/1/2015,854.0024164,851.5053463,665.8901862,256.9708376,1.535472817
BMGMC_008_7_1_15_layer1,8,7/1/2015,1186.496292,667.4988793,305.9486535,189.3902651,1.403816305
BMGMC_008_7_1_15_layer1,8,7/1/2015,1792.225643,882.234734,360.7986821,159.5475656,-1.389510352
BMGMC_008_7_1_15_layer1,8,7/1/2015,1485.021422,904.3262116,345.5629429,146.0283737,1.435177527
BMGMC_008_7_1_15_layer1,8,7/1/2015,1201.74481,1063.503368,345.2732719,210.2455608,-1.351318644
BMGMC_008_7_1_15_layer1,8,7/1/2015,1147.995159,1449.980287,300.118674,136.0682016,1.449665322
BMGMC_008_7_1_15_layer1,8,7/1/2015,1868.532027,1494.501197,286.9485408,173.7879392,-1.341130463
BMGMC_008_7_1_15_layer1,8,7/1/2015,891.0506807,1603.741124,153.9488539,95.22548244,1.351876603
BMGMC_008_7_1_15_layer2,8,7/1/2015,1307.619119,327.3071896,513.4208394,135.7660334,1.563007974
BMGMC_008_7_1_15_layer2,8,7/1/2015,727.4639309,488.5795356,243.0445846,72.76882773,-1.25658244
BMGMC_008_7_1_15_layer2,8,7/1/2015,1047.991986,799.7656812,471.2183004,113.7906237,1.352802114
BMGMC_008_7_1_15_layer2,8,7/1/2015,1569.734053,696.2969043,252.6314465,125.034119,1.467471645
BMGMC_008_7_1_15_layer2,8,7/1/2015,715.4380942,1184.637018,545.5102299,114.5249323,1.570676728
BMGMC_008_7_1_15_layer2,8,7/1/2015,1833.775299,1180.000143,236.4856155,169.3919519,-1.332352289
BMGMC_008_7_1_15_layer2,8,7/1/2015,1324.546747,1332.001425,458.3073776,207.6153562,-1.42727143
BMGMC_008_7_1_15_layer3,8,7/1/2015,462.2210966,914.2656705,325.7999033,115.7339975,1.286636631
BMGMC_008_7_1_15_layer3,8,7/1/2015,1446.428755,1164.924799,491.7633223,259.9269252,1.306209307
BMGMC_008_7_1_15_layer3,8,7/1/2015,1020.684118,1089.754217,288.5347883,64.35419932,1.570693465
BMGMC_008_7_1_15_layer3,8,7/1/2015,828.7845022,1410.260493,424.4045885,116.8182066,-1.513426701
BMGMC_008_7_1_15_layer4,8,7/1/2015,1636,1294.5,688.0156252,273.2562649,1.570796327
BMGMC_009_7_1_15_layer1,9,7/1/2015,1664.483299,374.219695,379.9279456,152.6079018,-1.399529738
BMGMC_009_7_1_15_layer1,9,7/1/2015,425.5049472,363.3060026,146.3418242,98.92661182,-1.246351413
BMGMC_009_7_1_15_layer1,9,7/1/2015,1400.357551,704.5323174,575.2555728,187.3577417,1.52202649
BMGMC_009_7_1_15_layer1,9,7/1/2015,1035.846608,709.3739928,416.3925008,129.2216124,1.448620776
BMGMC_009_7_1_15_layer1,9,7/1/2015,601.9942863,811.7151193,587.1662206,200.3867534,-1.548289359
BMGMC_009_7_1_15_layer1,9,7/1/2015,1919.42303,972.9407714,307.5131598,138.8897276,-1.504910727
BMGMC_009_7_1_15_layer1,9,7/1/2015,1238.001238,1312.493547,740.2139792,212.6206142,-1.570785932
BMGMC_009_7_1_15_layer1,9,7/1/2015,833.2209273,1361.699598,297.6420008,114.2468994,1.381957306
BMGMC_009_7_1_15_layer1,9,7/1/2015,1512.003951,1504.99921,212.5457373,153.5296707,0.984244068
BMGMC_009_7_1_15_layer2,9,7/1/2015,876.3021516,512.0459065,440.8821746,168.8178604,1.473352896
BMGMC_009_7_1_15_layer2,9,7/1/2015,1121.281426,716.933815,332.1356565,72.02878719,1.434665389
BMGMC_009_7_1_15_layer2,9,7/1/2015,952.7604295,1216.9874,762.4419108,197.8165487,1.44875233
BMGMC_009_7_1_15_layer2,9,7/1/2015,435.9906197,1209.535207,561.4233878,167.9096446,1.519581783
BMGMC_009_7_1_15_layer2,9,7/1/2015,1373,1173,304.579236,62.16898537,-1.518130809
BMGMC_009_7_1_15_layer2,9,7/1/2015,1601.5,1379.5,175.4524248,99.14324022,1.570796327
BMGMC_009_7_1_15_layer2,9,7/1/2015,1425.500648,1627.221268,180.4352546,97.9950529,-1.379909326
BMGMC_009_7_1_15_layer3,9,7/1/2015,1794.243633,808.7484989,475.2787322,223.1928223,-1.238259054
BMGMC_009_7_1_15_layer4,9,7/1/2015,1539.769395,960.4939771,740.3061511,187.9346469,-1.414850378
BMGMC_009_7_1_15_layer4,9,7/1/2015,1881.51309,1326.012457,546.7747058,238.6306461,1.342555632
BMGMC_013_baseline_7_2_15_layer1,13,7/2/2015,1690.393995,490.4,681.5087029,158.1978652,1.570722162
BMGMC_013_baseline_7_2_15_layer1,13,7/2/2015,655.4873656,366.4926173,403.3364425,172.2142777,1.46517465
BMGMC_013_baseline_7_2_15_layer1,13,7/2/2015,305.48279,471.5063989,343.6465802,167.8441594,1.528337443
BMGMC_013_baseline_7_2_15_layer1,13,7/2/2015,1266.498991,984.5050764,690.5349631,236.3208499,1.467439379
BMGMC_013_baseline_7_2_15_layer1,13,7/2/2015,1840.515011,884.5005361,266.2519916,173.9425589,-1.470726312
BMGMC_013_baseline_7_2_15_layer1,13,7/2/2015,1592.5,975.5,211.7841412,95.62603392,1.570796327
BMGMC_013_baseline_7_2_15_layer1,13,7/2/2015,553.4990025,1074.466428,283.0681455,211.3747569,1.228997625
BMGMC_013_baseline_7_2_15_layer1,13,7/2/2015,1946.466376,1111.997897,226.2292992,108.4048396,-1.456211203
BMGMC_013_baseline_7_2_15_layer1,13,7/2/2015,904.4916335,1227.498381,345.3256467,194.6784292,1.281501135
BMGMC_013_baseline_7_2_15_layer1,13,7/2/2015,1891.5,1505.5,426.5270786,121.6140386,1.570796327
BMGMC_013_baseline_7_2_15_layer1,13,7/2/2015,474.5,1473.5,319.1366117,161.4483548,1.570796327
BMGMC_013_baseline_7_2_15_layer2,13,7/2/2015,1209.5,471.5,312.1877024,128.6053041,1.570796327
BMGMC_013_baseline_7_2_15_layer2,13,7/2/2015,189.0044292,481.49367,218.4392071,118.4425878,1.419528445
BMGMC_013_baseline_7_2_15_layer2,13,7/2/2015,715.4175995,898.463683,577.8028473,216.4344395,1.392708569
BMGMC_013_baseline_7_2_15_layer2,13,7/2/2015,342.4898666,875.5025592,411.2440354,101.1706006,1.243521821
BMGMC_013_baseline_7_2_15_layer2,13,7/2/2015,1103.504768,1176.495454,550.1530888,226.8015345,1.446587621
BMGMC_013_baseline_7_2_15_layer2,13,7/2/2015,1443.492835,1249.499093,536.73683,212.9408841,-1.458913031
BMGMC_013_baseline_7_2_15_layer2,13,7/2/2015,1817.493024,1130.489302,203.1551484,155.3198905,-1.307765855
BMGMC_013_baseline_7_2_15_layer3,13,7/2/2015,439.5088104,739.50153,310.0856218,145.9324256,-1.489603498
BMGMC_013_baseline_7_2_15_layer3,13,7/2/2015,976.5,869.5,315.6969551,150.3107401,-1.230139108
BMGMC_013_baseline_7_2_15_layer3,13,7/2/2015,285.4919928,1172.492675,532.5304709,204.9127139,1.499259481
BMGMC_013_baseline_7_2_15_layer3,13,7/2/2015,1550.5,1166,290.7267346,102.5916991,1.570796327
BMGMC_010_7_2_15_layer1,10,7/2/2015,718.5048614,202.4933865,280.0548776,99.25149335,-1.235452654
BMGMC_010_7_2_15_layer1,10,7/2/2015,1199.5,341.5,391.7756137,267.1237981,1.570796327
BMGMC_010_7_2_15_layer1,10,7/2/2015,463.2723998,408.5577024,151.5414919,96.21283829,1.344776392
BMGMC_010_7_2_15_layer1,10,7/2/2015,1671.5,647.5,445.8039476,208.6920292,-1.516159313
BMGMC_010_7_2_15_layer1,10,7/2/2015,478.5095353,909.5004731,411.3870256,174.1804046,1.419031781
BMGMC_010_7_2_15_layer1,10,7/2/2015,999.4951536,813.4993921,214.4462708,135.5279533,1.346707342
BMGMC_010_7_2_15_layer1,10,7/2/2015,1216.814669,1291.070226,482.9502192,214.2973629,1.514048993
BMGMC_010_7_2_15_layer1,10,7/2/2015,1544.794761,1285.671727,346.5059739,121.0929876,-1.388521714
BMGMC_010_7_2_15_layer1,10,7/2/2015,974.020979,1327.404204,213.7366025,112.4481533,1.498608037
BMGMC_010_7_2_15_layer2,10,7/2/2015,1426.000666,447.0326893,690.7588157,197.1158206,-1.428363922
BMGMC_010_7_2_15_layer2,10,7/2/2015,1714.227594,289.9885389,278.0374503,172.9100068,-1.340829946
BMGMC_010_7_2_15_layer2,10,7/2/2015,957.5,463.5,256.7615729,206.5306608,1.570796327
BMGMC_010_7_2_15_layer2,10,7/2/2015,467.9959303,621.0064285,222.0081531,165.9377689,1.106394489
BMGMC_010_7_2_15_layer2,10,7/2/2015,749,983.5,610.2292689,216.0208353,1.570796327
BMGMC_010_7_2_15_layer2,10,7/2/2015,1642.501385,1019.0056,237.0823913,65.45486834,-1.50787611
BMGMC_010_7_2_15_layer2,10,7/2/2015,1045.795171,1086.93925,249.7947337,126.9897878,-0.996048626
BMGMC_010_7_2_15_layer3,10,7/2/2015,1589.073382,279.9461261,417.4906381,164.7346777,-1.443200966
BMGMC_010_7_2_15_layer3,10,7/2/2015,631.493826,600.4970308,464.5735121,109.0358061,1.471118669
BMGMC_010_7_2_15_layer3,10,7/2/2015,1472.488882,905.7851991,645.4400858,188.3064433,-1.465065271
BMGMC_010_7_2_15_layer3,10,7/2/2015,1197,804.5,402.3001808,196.9863574,1.570796327
BMGMC_010_7_2_15_layer3,10,7/2/2015,836.4977919,1248.998932,227.1074797,145.6741642,-0.981555248
BMGMC_010_7_2_15_layer3,10,7/2/2015,1689.527803,1465.747696,526.9241416,237.3666887,-1.443225542
BMGMC_011_7_2_15_layer1,11,7/2/2015,457.5084759,276.5200171,313.5480932,114.2650741,-1.4897763
BMGMC_011_7_2_15_layer1,11,7/2/2015,862.5035702,378.4962094,268.1979909,161.5648772,-1.516531899
BMGMC_011_7_2_15_layer1,11,7/2/2015,196.9795761,542.0172397,228.7442188,129.7974351,1.522930686
BMGMC_011_7_2_15_layer1,11,7/2/2015,1653.787979,720.7024649,395.3202299,108.1915618,-1.507044906
BMGMC_011_7_2_15_layer1,11,7/2/2015,788.0291829,764.1436249,457.6195274,89.31296188,1.527691872
BMGMC_011_7_2_15_layer1,11,7/2/2015,596.7277978,677.5420452,286.86175,122.7623804,1.506372204
BMGMC_011_7_2_15_layer1,11,7/2/2015,350.4939091,732.5268094,238.792398,128.3573904,1.416431331
BMGMC_011_7_2_15_layer1,11,7/2/2015,1032.5,944.5,289.8867069,243.050657,1.340445804
BMGMC_011_7_2_15_layer1,11,7/2/2015,1251.013854,1318.448526,563.5848455,143.5880817,1.51884852
BMGMC_011_7_2_15_layer1,11,7/2/2015,236.9729461,1388.99168,519.65593,195.691271,-1.469889072
BMGMC_011_7_2_15_layer1,11,7/2/2015,574.5,1286.764164,175.0315423,92.44707543,1.570796327
BMGMC_011_7_2_15_layer2,11,7/2/2015,1489,398.5,636.1599936,242.0437023,1.570796327
BMGMC_011_7_2_15_layer2,11,7/2/2015,585.9960454,343.0042719,284.523926,137.4894007,-1.382286318
BMGMC_011_7_2_15_layer2,11,7/2/2015,1087.508719,494.7307029,504.239571,195.4947348,-1.423800113
BMGMC_011_7_2_15_layer2,11,7/2/2015,315.3282557,407.06048,321.7329665,184.1323942,1.433957161
BMGMC_011_7_2_15_layer2,11,7/2/2015,1775.805217,864.6807481,284.307222,108.2922076,-1.486613032
BMGMC_011_7_2_15_layer2,11,7/2/2015,477.4198924,1029.505602,528.344885,178.0849592,-1.396198156
BMGMC_011_7_2_15_layer2,11,7/2/2015,278.9907424,987.0002032,271.7253496,155.6441654,-1.34151308
BMGMC_011_7_2_15_layer2,11,7/2/2015,878.5061325,1168.506873,561.9386904,172.0841034,1.476901512
BMGMC_011_7_2_15_layer2,11,7/2/2015,373.9831216,1532.265789,184.5114835,167.4226003,1.271070157
BMGMC_011_7_2_15_layer3,11,7/2/2015,894.157869,702.1822662,283.5720534,165.3608683,-1.569568956
BMGMC_011_7_2_15_layer3,11,7/2/2015,1432.924492,1057.320729,677.2677516,263.5897012,-1.481158179
BMGMC_012_7_2_15_layer1,12,7/2/2015,776.5000512,369.5002559,371.8214872,150.5622177,-1.429578087
BMGMC_012_7_2_15_layer1,12,7/2/2015,578.5047873,408.510718,327.8716824,115.9002854,1.46777125
BMGMC_012_7_2_15_layer1,12,7/2/2015,473.5043135,647.6027868,302.0234462,111.416469,1.496642326
BMGMC_012_7_2_15_layer1,12,7/2/2015,1660.505959,853.4922013,543.8292142,202.3042947,1.488020297
BMGMC_012_7_2_15_layer1,12,7/2/2015,1041.498825,962.5092754,625.6614474,285.0853471,1.368231223
BMGMC_012_7_2_15_layer1,12,7/2/2015,756.5,1094.5,244.6567703,199.6219621,1.570796327
BMGMC_012_7_2_15_layer1,12,7/2/2015,1375.504284,1211.499346,405.4876804,197.9168671,1.518162945
BMGMC_012_7_2_15_layer2,12,7/2/2015,663.5001763,255.4852689,363.898756,104.213082,1.474052621
BMGMC_012_7_2_15_layer2,12,7/2/2015,1529.991392,413.0413139,599.7173689,124.4921413,-1.505845485
BMGMC_012_7_2_15_layer2,12,7/2/2015,934,220,274.4536513,194.968406,-1.120351253
BMGMC_012_7_2_15_layer2,12,7/2/2015,1772.5,529.5,236.0379568,126.8390121,1.570796327
BMGMC_012_7_2_15_layer2,12,7/2/2015,1260.49583,799.4949998,673.2424711,220.4121466,-1.460537803
BMGMC_012_7_2_15_layer2,12,7/2/2015,722.4843722,843.5375031,198.3328101,136.0260329,1.358383603
BMGMC_012_7_2_15_layer2,12,7/2/2015,1823.505275,1244.495882,772.7533046,197.4690636,-1.452775008
BMGMC_012_7_2_15_layer2,12,7/2/2015,929.5,1189.5,230.7924263,102.9252806,1.522267401
BMGMC_012_7_2_15_layer2,12,7/2/2015,579.5,1339.5,256.7561607,218.6742347,1.570796327
BMGMC_012_7_2_15_layer2,12,7/2/2015,1483.999612,1350.000776,250.591925,78.55852766,-1.462756122
BMGMC_012_7_2_15_layer2,12,7/2/2015,1128.508467,1504.997124,366.5186101,114.1653527,-1.383010625
BMGMC_012_7_2_15_layer3,12,7/2/2015,890.5039591,657.4959073,526.3953504,162.8940656,-1.303471872
BMGMC_012_7_2_15_layer3,12,7/2/2015,1918.478319,725.020432,248.5445063,121.4765042,1.41497883
BMGMC_012_7_2_15_layer3,12,7/2/2015,796.4473211,1461.653678,510.4887125,219.718259,1.379631493
BMGMC_012_7_2_15_layer4,12,7/2/2015,1092.003035,408.2052333,635.8623951,178.1523804,-1.536187743
BMGMC_014_7_2_15_layer1,14,7/2/2015,344.5016278,454.7173131,601.4099509,213.6162498,-1.490465518
BMGMC_014_7_2_15_layer1,14,7/2/2015,1475.235197,347.418731,239.3395234,182.8048227,-1.122928923
BMGMC_014_7_2_15_layer1,14,7/2/2015,583.5,640.5,603.4008381,132.0627732,1.570796327
BMGMC_014_7_2_15_layer1,14,7/2/2015,1344.004818,781.0117508,622.8225342,267.6118154,1.428336902
BMGMC_014_7_2_15_layer1,14,7/2/2015,1069,553.5,158.1156395,93.09121499,1.570796327
BMGMC_014_7_2_15_layer1,14,7/2/2015,1016.5,864,385.7787494,132.0536411,1.570796327
BMGMC_014_7_2_15_layer1,14,7/2/2015,806,1164,600.6607241,179.6900573,1.570796327
BMGMC_014_7_2_15_layer1,14,7/2/2015,403.0005895,1153.185623,164.819619,147.4248945,1.554814279
BMGMC_014_7_2_15_layer1,14,7/2/2015,1117.5,1386,439.4801303,189.2169753,1.570796327
BMGMC_014_7_2_15_layer1,14,7/2/2015,575,1390.5,358.9937085,101.7559288,1.570796327
BMGMC_014_7_2_15_layer2,14,7/2/2015,1356,181,240.330726,143.3002245,1.570796327
BMGMC_014_7_2_15_layer2,14,7/2/2015,1639.5,244.5,196.0820114,95.647258,1.570796327
BMGMC_014_7_2_15_layer2,14,7/2/2015,691.2878494,361.1751165,212.9346477,115.5258418,-1.340778729
BMGMC_014_7_2_15_layer2,14,7/2/2015,925.5251923,540.4853673,323.2793761,195.8135206,-1.102653305
BMGMC_014_7_2_15_layer2,14,7/2/2015,1504,655,273.4568451,107.1358375,1.49651424
BMGMC_014_7_2_15_layer2,14,7/2/2015,746.0237941,790.5253197,258.5211827,113.7950045,-1.499064045
BMGMC_014_7_2_15_layer2,14,7/2/2015,1156.5,988.5,326.2278515,128.6085373,1.570796327
BMGMC_014_7_2_15_layer2,14,7/2/2015,281.0059263,1126.999824,489.66335,199.7457643,-1.448487351
BMGMC_014_7_2_15_layer2,14,7/2/2015,652.5,1070,285.4818402,119.9438495,1.570796327
BMGMC_014_7_2_15_layer2,14,7/2/2015,1567.5,1123,316.5749379,244.6030019,1.570796327
BMGMC_014_7_2_15_layer2,14,7/2/2015,940.3107182,1126.780122,277.1581523,154.3324809,1.342756153
BMGMC_014_7_2_15_layer2,14,7/2/2015,680.7633957,1492.055494,343.6609121,155.5753856,1.445217296
BMGMC_014_7_2_15_layer3,14,7/2/2015,1608.236156,603.6822605,378.0381271,95.520671,1.331542724
BMGMC_014_7_2_15_layer3,14,7/2/2015,498.7400691,952.1999673,460.2019996,203.0959141,1.420556693
BMGMC_014_7_2_15_layer3,14,7/2/2015,1371,1299.5,358.9762049,177.9583396,1.570796327
BMGMC_013_baseline_7_6_15_layer1,13,7/6/2015,655.4997733,367.5221075,403.9194761,182.4931405,1.469095332
BMGMC_013_baseline_7_6_15_layer1,13,7/6/2015,1164.505801,447.4913528,411.2020002,183.5619042,1.413428176
BMGMC_013_baseline_7_6_15_layer1,13,7/6/2015,302.5,467.5,346.9471256,175.3482851,1.570796327
BMGMC_013_baseline_7_6_15_layer1,13,7/6/2015,847.5,773.5,215.2708484,100.8906956,1.570796327
BMGMC_013_baseline_7_6_15_layer1,13,7/6/2015,1842.511986,882.5008125,284.1622479,184.0602593,-1.513723903
BMGMC_013_baseline_7_6_15_layer1,13,7/6/2015,1584.5523,971.3911883,216.0770699,84.46513653,-1.49520068
BMGMC_013_baseline_7_6_15_layer1,13,7/6/2015,1107.506706,1177.480582,554.0189403,226.973706,1.497880385
BMGMC_013_baseline_7_6_15_layer1,13,7/6/2015,513.5001558,1063.50262,297.3853068,216.3412515,1.281216371
BMGMC_013_baseline_7_6_15_layer1,13,7/6/2015,1403.508566,1307.496177,395.6052493,216.2792324,1.432852034
BMGMC_013_baseline_7_6_15_layer1,13,7/6/2015,1890.48581,1498.488208,428.4651661,136.6491096,1.540714678
BMGMC_013_baseline_7_6_15_layer1,13,7/6/2015,470.4922093,1482.504886,316.7227895,165.0587181,1.481544256
BMGMC_013_baseline_7_6_15_layer2,13,7/6/2015,1687.513546,469.6484255,638.9646292,161.0754801,-1.545370641
BMGMC_013_baseline_7_6_15_layer2,13,7/6/2015,188.5195737,484.5097172,216.7570579,126.4953902,1.455083089
BMGMC_013_baseline_7_6_15_layer2,13,7/6/2015,434.499929,734.503701,321.1882838,146.6087828,-1.450622095
BMGMC_013_baseline_7_6_15_layer2,13,7/6/2015,1257.5,1020.5,760.9381516,256.7600518,1.570796327
BMGMC_013_baseline_7_6_15_layer2,13,7/6/2015,283.5,1170.5,528.7476859,229.0828165,1.570796327
BMGMC_013_baseline_7_6_15_layer2,13,7/6/2015,911.4874707,1197.528362,419.7404379,196.2875308,1.451151637
BMGMC_013_baseline_7_6_15_layer2,13,7/6/2015,1948.5,1115.5,225.7021799,121.8688797,-1.484853005
BMGMC_013_baseline_7_6_15_layer2,13,7/6/2015,624.5027169,1445.508688,183.1637726,87.31403746,-1.316635461
BMGMC_013_baseline_7_6_15_layer3,13,7/6/2015,711.4998222,891.498732,603.17321,204.7594616,1.368234649
BMGMC_013_baseline_7_6_15_layer3,13,7/6/2015,1001.503934,844.4994783,269.4342422,125.6819743,-1.404303817
BMGMC_013_baseline_7_6_15_layer3,13,7/6/2015,1822.512456,1129.538027,199.1031353,152.6790738,-1.324442822
BMGMC_015_7_6_15_layer1,15,7/6/2015,922.6541554,399.2224326,617.1478235,313.8870885,-1.48034858
BMGMC_015_7_6_15_layer1,15,7/6/2015,1585.667264,695.4906241,386.0322161,233.1004902,1.242468425
BMGMC_015_7_6_15_layer1,15,7/6/2015,786.5024927,1002.016608,454.3236592,263.5015271,-1.565942553
BMGMC_015_7_6_15_layer1,15,7/6/2015,118.5,924.5,241.0894997,135.4938064,1.570796327
BMGMC_015_7_6_15_layer1,15,7/6/2015,472.9939075,1279.463834,651.6536532,182.5581762,1.418663361
BMGMC_015_7_6_15_layer1,15,7/6/2015,1640,1390,401.4835606,124.2645655,1.570796327
BMGMC_015_7_6_15_layer1,15,7/6/2015,1163.5,1437.5,329.5838366,93.97895129,1.570796327
BMGMC_015_7_6_15_layer1,15,7/6/2015,1332.468665,1526.031505,310.8534106,153.8668832,-1.484163913
BMGMC_015_7_6_15_layer2,15,7/6/2015,627,616.5,566.817116,160.8872918,-1.54872329
BMGMC_015_7_6_15_layer2,15,7/6/2015,335.230069,469.2764057,202.4551944,137.323608,1.338205143
BMGMC_015_7_6_15_layer2,15,7/6/2015,1157.992704,747.7482856,609.9130057,189.2714542,1.465701224
BMGMC_015_7_6_15_layer2,15,7/6/2015,220.4955462,718.9881321,366.7805715,96.74781138,1.464880281
BMGMC_015_7_6_15_layer2,15,7/6/2015,1582.162171,991.2190073,251.9566307,110.0304085,1.397806472
BMGMC_015_7_6_15_layer2,15,7/6/2015,312.9925792,1167.269191,424.0452688,245.8082585,-1.562620913
BMGMC_015_7_6_15_layer2,15,7/6/2015,609.239942,1164.749972,382.1327325,132.8004942,1.3207886
BMGMC_015_7_6_15_layer2,15,7/6/2015,888.5,1372,313.1530259,194.4176143,1.570796327
BMGMC_015_7_6_15_layer2,15,7/6/2015,1246,1439,250.6672496,105.2080574,1.570796327
BMGMC_015_7_6_15_layer3,15,7/6/2015,457.5809317,801.8852654,379.2914136,116.1925531,1.400538702
BMGMC_015_7_6_15_layer3,15,7/6/2015,1396.040009,1059.236615,632.4997249,296.1167065,1.392984853
BMGMC_015_7_6_15_layer3,15,7/6/2015,1063.918247,1051.265402,399.035111,188.8951489,1.188775755
BMGMC_016_7_6_15_layer1,16,7/6/2015,463.5046466,293.5033581,362.5357496,202.3737052,-1.346975338
BMGMC_016_7_6_15_layer1,16,7/6/2015,866.5042029,328.48584,220.1987849,120.212197,1.441837935
BMGMC_016_7_6_15_layer1,16,7/6/2015,54.5,669.5,378.030723,87.03761306,1.570796327
BMGMC_016_7_6_15_layer1,16,7/6/2015,1322.577266,618.4838302,279.4303674,178.3788205,1.487711364
BMGMC_016_7_6_15_layer1,16,7/6/2015,1680.502038,679.4981069,350.8433873,207.0327381,1.217007542
BMGMC_016_7_6_15_layer1,16,7/6/2015,539.4933601,958.4938464,514.6958438,186.9329762,1.464860921
BMGMC_016_7_6_15_layer1,16,7/6/2015,1392.989409,1230.729444,646.1527391,273.5058467,1.415499845
BMGMC_016_7_6_15_layer1,16,7/6/2015,1691.497002,1224.503515,432.1189189,205.2877515,1.389178084
BMGMC_016_7_6_15_layer1,16,7/6/2015,1074.5,1404.5,466.3324899,268.9014419,1.570796327
BMGMC_016_7_6_15_layer1,16,7/6/2015,534.4805494,1465.504449,296.8656084,124.3660562,1.504801688
BMGMC_016_7_6_15_layer2,16,7/6/2015,1820.483463,638.4763775,531.5235705,256.6078711,1.341669227
BMGMC_016_7_6_15_layer2,16,7/6/2015,923.5,706.5,462.8800143,235.9926486,1.570796327
BMGMC_016_7_6_15_layer2,16,7/6/2015,350.5852649,1012.541426,799.2494385,262.3739817,1.57075037
BMGMC_016_7_6_15_layer2,16,7/6/2015,1518.487695,846.5031228,446.9500566,275.0386972,1.391298458
BMGMC_016_7_6_15_layer2,16,7/6/2015,700.5077851,1080.539316,177.0268792,124.378904,-1.425331839
BMGMC_016_7_6_15_layer2,16,7/6/2015,645.5,1425.5,236.1305493,100.8749694,1.570796327
BMGMC_016_7_6_15_layer2,16,7/6/2015,1585,1517,245.5048869,167.5466198,1.570796327
BMGMC_016_7_6_15_layer3,16,7/6/2015,621.5215,536.2883307,702.2695035,344.9407008,1.373283075
BMGMC_016_7_6_15_layer3,16,7/6/2015,1130.505401,625.5076521,523.4318226,279.5391643,-1.501900286
BMGMC_016_7_6_15_layer3,16,7/6/2015,1458.49167,534.4881409,184.9760117,136.0373141,1.053283411
BMGMC_016_7_6_15_layer3,16,7/6/2015,405,1561.5,199.6810418,151.9516542,1.570796327
BMGMC_017_7_6_15_layer1,17,7/6/2015,1585.492164,262.7375294,374.4652752,218.7038384,-1.355791081
BMGMC_017_7_6_15_layer1,17,7/6/2015,628.5008778,597.4988213,468.0706412,284.7164874,1.310735689
BMGMC_017_7_6_15_layer1,17,7/6/2015,1257.243717,615.2712698,190.212078,136.841205,1.19041038
BMGMC_017_7_6_15_layer1,17,7/6/2015,1749.734224,682.437913,303.5128617,171.8651281,1.375787106
BMGMC_017_7_6_15_layer1,17,7/6/2015,949.292381,955.2998659,440.9134452,192.1355494,1.476935044
BMGMC_017_7_6_15_layer1,17,7/6/2015,393.4874367,1173.576235,540.1451236,354.8266299,-1.459149383
BMGMC_017_7_6_15_layer1,17,7/6/2015,1851.77323,1220.490074,478.8446775,206.4420685,-1.501127862
BMGMC_017_7_6_15_layer1,17,7/6/2015,1285.24723,1174.765339,400.2659572,208.4196264,1.386741805
BMGMC_017_7_6_15_layer1,17,7/6/2015,734.1325816,1352.490306,440.1522905,163.9346105,1.41105101
BMGMC_017_7_6_15_layer1,17,7/6/2015,1048.265703,1329.245882,220.8983244,109.7098652,1.351131293
BMGMC_017_7_6_15_layer1,17,7/6/2015,1506,1536,139.8818899,98.28307285,1.570796327
BMGMC_017_7_6_15_layer2,17,7/6/2015,1808.773857,434.7091194,294.9771872,218.7810746,0.520069142
BMGMC_017_7_6_15_layer2,17,7/6/2015,823.0019986,528.0350498,330.8709839,215.1641651,-1.453610754
BMGMC_017_7_6_15_layer2,17,7/6/2015,1463.023028,574.0378764,383.1625736,184.6328144,1.402297096
BMGMC_017_7_6_15_layer2,17,7/6/2015,454.4629943,687.9696982,382.9896579,190.2414526,1.311023903
BMGMC_017_7_6_15_layer2,17,7/6/2015,1422.23721,1083.06835,488.8067462,201.5042189,1.141589904
BMGMC_017_7_6_15_layer2,17,7/6/2015,1189.000254,1492.500977,460.8960286,154.8589317,1.361444422
BMGMC_017_7_6_15_layer3,17,7/6/2015,1621.5,867.5,450.8454515,177.1057012,1.570796327
BMGMC_017_7_6_15_layer3,17,7/6/2015,1136.978885,1022.048082,393.6000438,207.7396143,-1.536010852
BMGMC_017_7_6_15_layer3,17,7/6/2015,613.4703121,1049.531062,377.2125129,167.6883859,-1.470402564
BMGMC_017_7_6_15_layer3,17,7/6/2015,1578.5,1405,125.9493093,121.7031424,1.570796327
BMGMC_017_7_6_15_layer4,17,7/6/2015,1079.759473,524.0505162,551.5519698,275.2147821,-1.443113332
BMGMC_018_7_6_15_layer1,18,7/6/2015,413,199,313.0027454,151.9542788,1.570796327
BMGMC_018_7_6_15_layer1,18,7/6/2015,1030.99766,228.9613115,268.5213099,142.845132,1.191059057
BMGMC_018_7_6_15_layer1,18,7/6/2015,1409.705286,355.2974473,339.65821,200.5608634,-1.493659124
BMGMC_018_7_6_15_layer1,18,7/6/2015,904.4909075,547.5536485,426.6207822,223.4057153,1.483241199
BMGMC_018_7_6_15_layer1,18,7/6/2015,1258.5,869.5,381.5006575,196.1216949,1.570796327
BMGMC_018_7_6_15_layer1,18,7/6/2015,813.5248949,1079.402439,237.9109169,95.45076336,-1.42877193
BMGMC_018_7_6_15_layer1,18,7/6/2015,1828.968168,1446.995233,490.6291299,154.7579086,-1.566375178
BMGMC_018_7_6_15_layer1,18,7/6/2015,1171.402431,1426.14809,264.2080953,162.32907,-0.952221861
BMGMC_018_7_6_15_layer1,18,7/6/2015,831.9544173,1537.71842,319.2483058,119.8930799,-1.542661929
BMGMC_018_7_6_15_layer1,18,7/6/2015,1501.197015,1510.314681,151.1970129,116.3718084,1.562037528
BMGMC_018_7_6_15_layer2,18,7/6/2015,439.9260702,698.7054804,555.2344473,207.9070464,1.490360323
BMGMC_018_7_6_15_layer2,18,7/6/2015,1712.642251,845.9707484,768.3063707,349.3966623,1.570184041
BMGMC_018_7_6_15_layer2,18,7/6/2015,1303.99529,572.9901417,270.7792603,88.36115716,1.372075329
BMGMC_018_7_6_15_layer2,18,7/6/2015,1027.491169,1131.455149,516.2092004,348.3606834,1.450783908
BMGMC_018_7_6_15_layer2,18,7/6/2015,1337.493346,1276.007199,218.9989725,119.9316211,1.44118987
BMGMC_018_7_6_15_layer2,18,7/6/2015,763.4741252,1328.195211,196.1896808,118.5126213,-1.070800423
BMGMC_018_7_6_15_layer3,18,7/6/2015,1173.018143,620.7504862,248.5402881,167.937718,-1.406468539
BMGMC_018_7_6_15_layer3,18,7/6/2015,702.45928,764.499511,482.9261648,297.2159067,-1.380076433
BMGMC_018_7_6_15_layer3,18,7/6/2015,1473.689397,737.4867241,128.251928,86.37515234,-0.187583826
BMGMC_018_7_6_15_layer3,18,7/6/2015,1577.227104,1181.97238,462.4816884,174.4104225,1.460890176
BMGMC_018_7_6_15_layer3,18,7/6/2015,1258.478703,1570.002437,324.9713608,126.5955242,-1.395573603
BMGMC_018_7_6_15_layer4,18,7/6/2015,577.9970304,325.5033255,508.5716994,200.442345,-1.484518931
BMGMC_018_7_6_15_layer4,18,7/6/2015,648.7705107,1273.518211,383.8946488,168.4854381,-1.28322703
BMGMC_013_baseline_7_7_15_layer1,13,7/7/2015,652.4725794,360.9966215,409.0271636,178.2879538,1.490572978
BMGMC_013_baseline_7_7_15_layer1,13,7/7/2015,1822.496687,328.3369057,142.7064473,103.0249135,-1.254493766
BMGMC_013_baseline_7_7_15_layer1,13,7/7/2015,1188.531727,469.2501851,324.8712035,166.7664821,1.497682541
BMGMC_013_baseline_7_7_15_layer1,13,7/7/2015,190.5031271,481.9242864,218.0221064,125.3620642,1.428772936
BMGMC_013_baseline_7_7_15_layer1,13,7/7/2015,440.5305904,736.9179749,320.6846429,147.5736597,-1.489833493
BMGMC_013_baseline_7_7_15_layer1,13,7/7/2015,845.5023535,775.4971804,210.1421552,97.50614325,1.557812462
BMGMC_013_baseline_7_7_15_layer1,13,7/7/2015,1842,881,272.9294203,180.7255918,-1.40981247
BMGMC_013_baseline_7_7_15_layer1,13,7/7/2015,283.0407859,1171.989005,547.2808435,209.1572757,1.496496305
BMGMC_013_baseline_7_7_15_layer1,13,7/7/2015,1106.506282,1181.494886,559.7644419,229.333796,1.494905891
BMGMC_013_baseline_7_7_15_layer1,13,7/7/2015,526.496399,1074.51116,291.8779417,164.9039937,1.458882862
BMGMC_013_baseline_7_7_15_layer1,13,7/7/2015,1440.495908,1247.5026,530.9445108,218.2171499,-1.486154883
BMGMC_013_baseline_7_7_15_layer1,13,7/7/2015,1892.5,1506,444.8653554,132.0559847,1.570796327
BMGMC_013_baseline_7_7_15_layer2,13,7/7/2015,707.0017403,898.9963064,594.0907877,226.2949319,1.39216523
BMGMC_013_baseline_7_7_15_layer2,13,7/7/2015,344.7397441,880.2490404,421.0331437,113.450089,1.264782704
BMGMC_013_baseline_7_7_15_layer2,13,7/7/2015,995.5,852,270.9069294,143.3398048,-1.482517925
BMGMC_013_baseline_7_7_15_layer2,13,7/7/2015,1592.48213,995.4541737,283.207389,85.75932449,1.534265165
BMGMC_013_baseline_7_7_15_layer2,13,7/7/2015,1947.196168,1112.946886,229.7266906,111.5253066,-1.452625963
BMGMC_013_baseline_7_7_15_layer2,13,7/7/2015,476.1333543,1480.100478,321.4297792,151.0914528,1.46249293
BMGMC_013_baseline_7_7_15_layer3,13,7/7/2015,309,474,356.4368674,174.5029649,1.570796327
BMGMC_013_baseline_7_7_15_layer3,13,7/7/2015,1222.71863,1000.871828,800.4107744,265.3029387,1.53511926
BMGMC_013_baseline_7_7_15_layer3,13,7/7/2015,911.9951782,1193.497184,421.5216924,201.5593178,1.487032355
BMGMC_013_baseline_7_7_15_layer3,13,7/7/2015,1813.011984,1130.517123,224.0007667,144.7795939,-1.311977267
BMGMC_019_7_7_15_layer1,19,7/7/2015,1461.810846,194.4544691,325.3265618,171.1970056,-1.369703158
BMGMC_019_7_7_15_layer1,19,7/7/2015,1850.796416,286.0906013,341.3562245,203.2330715,-1.449794307
BMGMC_019_7_7_15_layer1,19,7/7/2015,1118.744113,386.9888086,154.3083346,106.171125,0.728762522
BMGMC_019_7_7_15_layer1,19,7/7/2015,567.9993291,659.5180122,553.4343199,264.9199927,1.457491548
BMGMC_019_7_7_15_layer1,19,7/7/2015,1319.988678,694.0183334,449.2216698,219.4926838,-1.465223552
BMGMC_019_7_7_15_layer1,19,7/7/2015,1595.69487,750.9330268,328.0586343,142.4298177,-1.364917944
BMGMC_019_7_7_15_layer1,19,7/7/2015,997.5045516,987.547416,577.3348954,218.9478834,1.537362285
BMGMC_019_7_7_15_layer1,19,7/7/2015,1806.258773,930.5559475,284.5718455,182.6377636,-1.455329292
BMGMC_019_7_7_15_layer1,19,7/7/2015,320.5,1060.5,246.4975279,85.32018071,1.570796327
BMGMC_019_7_7_15_layer1,19,7/7/2015,1652.040983,1333.721759,236.811881,201.1144964,1.156109705
BMGMC_019_7_7_15_layer2,19,7/7/2015,1527.327507,510.8224202,418.1461356,200.6854836,-1.321242911
BMGMC_019_7_7_15_layer2,19,7/7/2015,446.4980297,942.0084125,785.3232216,224.3317393,1.479249171
BMGMC_019_7_7_15_layer2,19,7/7/2015,1130.476774,689.9723262,227.6376013,140.0671898,0.862113595
BMGMC_019_7_7_15_layer2,19,7/7/2015,777.7637991,832.6396646,333.8886619,187.9362175,1.347124111
BMGMC_019_7_7_15_layer2,19,7/7/2015,1270.993485,1215.500356,539.5488534,261.0752987,1.402212181
BMGMC_019_7_7_15_layer2,19,7/7/2015,1075.5,1416.5,256.8674277,108.1279243,-1.532077142
BMGMC_019_7_7_15_layer3,19,7/7/2015,1714.494778,506.5052321,559.5232257,164.4029311,1.4212772
BMGMC_019_7_7_15_layer3,19,7/7/2015,817.5038823,518.6821587,423.7949521,181.6657074,1.309017502
BMGMC_019_7_7_15_layer3,19,7/7/2015,1501,1029.5,547.9125283,184.8535439,1.570796327
BMGMC_019_7_7_15_layer3,19,7/7/2015,633.2630865,1102.519209,324.4308388,193.1508536,-1.501325341
BMGMC_020_7_7_15_layer1,20,7/7/2015,1723.301407,404.0080986,378.0861863,192.4241177,1.427596552
BMGMC_020_7_7_15_layer1,20,7/7/2015,370.5007561,502.5162313,430.1198753,151.2133296,-1.42159204
BMGMC_020_7_7_15_layer1,20,7/7/2015,1089.889052,602.5762292,569.3913984,194.0923995,-1.400851532
BMGMC_020_7_7_15_layer1,20,7/7/2015,754.4980458,510.4990944,259.7006176,115.7225203,-1.260272615
BMGMC_020_7_7_15_layer1,20,7/7/2015,1335.43518,896.7475601,587.1781758,202.2968861,1.43195135
BMGMC_020_7_7_15_layer1,20,7/7/2015,839.237753,1102.752829,484.3785704,256.2324939,-1.398762316
BMGMC_020_7_7_15_layer1,20,7/7/2015,377.5411704,1159.369016,233.7689299,119.7122733,-1.438400767
BMGMC_020_7_7_15_layer1,20,7/7/2015,1568.968749,1301.470316,393.1174386,154.9938212,-1.417755286
BMGMC_020_7_7_15_layer1,20,7/7/2015,1218.27587,1403.222471,392.3319358,175.26007,-1.478119156
BMGMC_020_7_7_15_layer1,20,7/7/2015,441.6019794,1528.574106,321.399819,132.3937335,1.548223917
BMGMC_020_7_7_15_layer2,20,7/7/2015,539.1896746,451.2508332,617.4659205,264.9601714,1.525609248
BMGMC_020_7_7_15_layer2,20,7/7/2015,1465.055869,545.9635504,292.6404132,192.5696582,-1.540041003
BMGMC_020_7_7_15_layer2,20,7/7/2015,912.5111315,685.5124817,350.5265875,169.4805061,-1.484442481
BMGMC_020_7_7_15_layer2,20,7/7/2015,1751.773798,1083.823667,759.1201054,197.3884036,1.486413149
BMGMC_020_7_7_15_layer2,20,7/7/2015,421.5089021,1012.993774,485.5582252,171.2149098,1.48761128
BMGMC_020_7_7_15_layer2,20,7/7/2015,1097.160054,1079.386062,336.9999342,106.209653,1.474818144
BMGMC_020_7_7_15_layer3,20,7/7/2015,1323.521217,457.7255594,184.3471023,94.0011803,-1.260680941
BMGMC_020_7_7_15_layer3,20,7/7/2015,1859.5,696,389.2784155,156.3392365,1.570796327
BMGMC_020_7_7_15_layer3,20,7/7/2015,1596.503548,630.7927812,217.9153075,136.4648829,-1.361445195
BMGMC_020_7_7_15_layer3,20,7/7/2015,651.4344614,804.9891085,202.2030902,149.5968444,-1.431730335
BMGMC_020_7_7_15_layer3,20,7/7/2015,1201,945,392.8202822,122.5320931,1.570796327
BMGMC_020_7_7_15_layer4,20,7/7/2015,583.509192,1113.502689,467.6694046,239.9110815,-1.469402644
BMGMC_021_7_7_15_layer1,21,7/7/2015,185.5029228,368.4995111,341.3572638,257.4669916,0.740198408
BMGMC_021_7_7_15_layer1,21,7/7/2015,752.5,729.5,731.3969861,286.2136337,1.570796327
BMGMC_021_7_7_15_layer1,21,7/7/2015,1214.500999,505.4961856,348.1814944,248.4192582,0.85868506
BMGMC_021_7_7_15_layer1,21,7/7/2015,1582.5,679.5,509.7670857,199.6526786,1.570796327
BMGMC_021_7_7_15_layer1,21,7/7/2015,1843,779.5,547.8597932,178.7583394,-1.140785148
BMGMC_021_7_7_15_layer1,21,7/7/2015,492.5,1073.5,350.3884803,230.793112,1.570796327
BMGMC_021_7_7_15_layer1,21,7/7/2015,1576,1125,256.3996007,194.0893452,1.313128307
BMGMC_021_7_7_15_layer1,21,7/7/2015,893.4917289,1342.967883,325.0531291,97.14665086,-1.453109068
BMGMC_021_7_7_15_layer1,21,7/7/2015,216.5155893,1334.711225,288.5612762,141.804102,-1.375225912
BMGMC_021_7_7_15_layer2,21,7/7/2015,1296.478738,233.5019329,293.443998,139.7373595,1.25414272
BMGMC_021_7_7_15_layer2,21,7/7/2015,1586.5,271.5,298.3458214,154.5318574,1.570796327
BMGMC_021_7_7_15_layer2,21,7/7/2015,1800.004562,447.996986,373.0932213,188.5226416,-1.415661779
BMGMC_021_7_7_15_layer2,21,7/7/2015,1440.5,537.5,287.9095279,123.3967237,1.570796327
BMGMC_021_7_7_15_layer2,21,7/7/2015,628.4992245,840.4976435,379.0619662,168.9132856,1.280061829
BMGMC_021_7_7_15_layer2,21,7/7/2015,1341.996615,1038.996144,643.640116,331.3075768,1.372681716
BMGMC_021_7_7_15_layer2,21,7/7/2015,980.5,1474.5,237.7859851,137.2638019,1.570796327
BMGMC_021_7_7_15_layer3,21,7/7/2015,334.2683945,732.7384535,551.0535902,326.691692,-1.458815874
BMGMC_021_7_7_15_layer3,21,7/7/2015,1063.500871,979.9925151,636.2190823,243.0429936,1.358905234
BMGMC_022_7_7_15_layer1,22,7/7/2015,1038.964114,140.2024738,190.9356106,126.9697403,-1.307861742
BMGMC_022_7_7_15_layer1,22,7/7/2015,580,297,255.9495629,191.8253764,1.570796327
BMGMC_022_7_7_15_layer1,22,7/7/2015,894.5,318,212.5174286,147.6625293,1.570796327
BMGMC_022_7_7_15_layer1,22,7/7/2015,912.2720858,772.0083301,490.3481976,299.7136473,-1.345326484
BMGMC_022_7_7_15_layer1,22,7/7/2015,1507,802,507.0596087,307.8672843,1.570796327
BMGMC_022_7_7_15_layer1,22,7/7/2015,312.4824137,1045.522404,487.2406353,257.4913142,1.406504036
BMGMC_022_7_7_15_layer1,22,7/7/2015,514.1669135,907.5166067,147.8746475,91.58114531,-1.435300452
BMGMC_022_7_7_15_layer1,22,7/7/2015,1187.02511,1179.439501,367.1484576,181.1678841,1.44212781
BMGMC_022_7_7_15_layer1,22,7/7/2015,1434.506035,1423.477524,564.2764136,172.7249246,-1.220154313
BMGMC_022_7_7_15_layer2,22,7/7/2015,1369.015083,470.511708,433.0722934,158.7663979,-1.515653571
BMGMC_022_7_7_15_layer2,22,7/7/2015,697.73917,577.2458084,514.7493508,244.5260261,-1.341624856
BMGMC_022_7_7_15_layer2,22,7/7/2015,305.1868281,619.7682641,413.3373032,202.233238,1.495629679
BMGMC_022_7_7_15_layer2,22,7/7/2015,717,1152.205186,412.6625355,210.9882093,1.570796327
BMGMC_022_7_7_15_layer3,22,7/7/2015,646.9691136,910.2183495,237.5664397,149.9254534,-0.951650617
BMGMC_022_7_7_15_layer3,22,7/7/2015,989.4922875,1250.745758,497.1195763,283.9365972,1.458490045
BMGMC_023_7_7_15_layer1,23,7/7/2015,202.510863,159.5116845,215.4518987,145.6615408,1.203627315
BMGMC_023_7_7_15_layer1,23,7/7/2015,799.5040406,489.5020581,280.7808064,180.1238092,-1.262965671
BMGMC_023_7_7_15_layer1,23,7/7/2015,177.5200262,716.7464773,412.4772556,243.9832796,1.21322143
BMGMC_023_7_7_15_layer1,23,7/7/2015,1457.528825,954.4799838,251.6604296,140.8552259,1.003109981
BMGMC_023_7_7_15_layer1,23,7/7/2015,1695,1202.5,364.2030938,236.8686243,1.570796327
BMGMC_023_7_7_15_layer1,23,7/7/2015,1024.496428,1196.50349,338.3501909,139.0796454,-1.369323052
BMGMC_023_7_7_15_layer1,23,7/7/2015,540.739034,1455.042603,543.1776938,237.0307941,-1.388668529
BMGMC_023_7_7_15_layer2,23,7/7/2015,1652.5,225.5,298.7057781,196.6627018,1.570796327
BMGMC_023_7_7_15_layer2,23,7/7/2015,290.4977879,370.5093595,354.5153685,258.151934,-1.06861988
BMGMC_023_7_7_15_layer2,23,7/7/2015,1034.501114,594.5000137,498.9602612,348.0226705,1.405599083
BMGMC_023_7_7_15_layer2,23,7/7/2015,1682.587771,709.7212206,482.3310562,241.4836246,1.569860671
BMGMC_023_7_7_15_layer2,23,7/7/2015,751.5,946.5,165.00332,118.1539827,1.570796327
BMGMC_023_7_7_15_layer2,23,7/7/2015,210.5083092,1103.485509,408.247212,285.3078171,1.329735663
BMGMC_023_7_7_15_layer2,23,7/7/2015,1399.501045,1195.518143,364.4126439,139.1610906,1.514730091
BMGMC_023_7_7_15_layer2,23,7/7/2015,374.4253978,1451.420359,257.919016,157.9963001,-1.035851453
BMGMC_023_7_7_15_layer3,23,7/7/2015,1082.495676,189.5002257,441.6655959,301.7641321,-0.408288184
BMGMC_023_7_7_15_layer3,23,7/7/2015,602.4959514,768.5029825,805.1599006,349.3393657,1.481943954
BMGMC_023_7_7_15_layer4,23,7/7/2015,95.48834539,313.5418051,339.9311544,114.9764548,-1.516407529
BMGMC_023_7_7_15_layer4,23,7/7/2015,1384.503292,607.5017624,749.8178783,382.984505,-1.519473801
BMGMC_023_7_7_15_layer4,23,7/7/2015,901.4957509,940.4952796,435.3117555,302.5342369,1.412970654
BMGMC_023_7_7_15_layer4,23,7/7/2015,411.5009608,962.5076246,464.916402,214.8368434,1.477071498
BMGMC_024_7_7_15_layer1,24,7/7/2015,1039.497538,200.5079086,338.8860026,145.9065676,1.425985633
BMGMC_024_7_7_15_layer1,24,7/7/2015,768.5207983,257.0207704,228.4350245,149.339774,1.453378759
BMGMC_024_7_7_15_layer1,24,7/7/2015,1377,393,404.6417894,278.8108571,-1.396670177
BMGMC_024_7_7_15_layer1,24,7/7/2015,1066.5,611.5,367.7146956,199.5894978,1.570796327
BMGMC_024_7_7_15_layer1,24,7/7/2015,417.4986916,692.4996605,478.4894234,261.5936173,1.16284171
BMGMC_024_7_7_15_layer1,24,7/7/2015,767.1665563,717.037531,327.7023136,176.094948,1.491549583
BMGMC_024_7_7_15_layer1,24,7/7/2015,1358.510289,1104.993196,631.5346705,275.123673,1.511643251
BMGMC_024_7_7_15_layer1,24,7/7/2015,1091.077467,1011.339333,209.694565,142.2025895,-1.122939022
BMGMC_024_7_7_15_layer1,24,7/7/2015,263.5,1177,257.6233542,215.2101084,1.570796327
BMGMC_024_7_7_15_layer1,24,7/7/2015,781,1415.5,133.7567632,108.616879,1.570796327
BMGMC_024_7_7_15_layer2,24,7/7/2015,926.0080682,362.5972367,517.036604,143.3034505,1.517884101
BMGMC_024_7_7_15_layer2,24,7/7/2015,468.4953583,353.5140032,422.9492817,231.5327474,-1.494520059
BMGMC_024_7_7_15_layer2,24,7/7/2015,1195.517756,564.44656,515.2395494,182.5125564,1.476169581
BMGMC_024_7_7_15_layer2,24,7/7/2015,213.9959639,745.5032821,522.1550315,288.6367582,1.462526081
BMGMC_024_7_7_15_layer2,24,7/7/2015,1498.500589,777.5022092,416.4652383,239.2389789,1.203920733
BMGMC_024_7_7_15_layer2,24,7/7/2015,635.5,893,243.7554695,213.4368212,1.570796327
BMGMC_024_7_7_15_layer2,24,7/7/2015,926.835367,983.8459983,396.7492119,197.6457855,-1.497381493
BMGMC_024_7_7_15_layer2,24,7/7/2015,1725.492439,1448.435781,530.7073614,330.665532,1.208764878
BMGMC_024_7_7_15_layer2,24,7/7/2015,415.0076,1384.006956,335.5184589,132.5719283,1.311645322
BMGMC_024_7_7_15_layer2,24,7/7/2015,633.4894856,1546.535875,358.9665687,176.8529754,-1.480433166
BMGMC_025_7_7_15_layer1,25,7/7/2015,1678.497824,267.5047263,383.0765882,215.9843187,1.357209996
BMGMC_025_7_7_15_layer1,25,7/7/2015,1226.001434,635.5000291,508.569141,161.0859102,1.443352833
BMGMC_025_7_7_15_layer1,25,7/7/2015,728.9998531,615.9993706,333.0662792,136.6611636,1.354677145
BMGMC_025_7_7_15_layer1,25,7/7/2015,391.4997937,803.9782421,349.9197343,145.4954301,1.234061524
BMGMC_025_7_7_15_layer1,25,7/7/2015,1670,890.5,480.1633529,186.6449731,1.570796327
BMGMC_025_7_7_15_layer1,25,7/7/2015,1021.49428,950.4947656,469.9999122,204.9490287,1.504500077
BMGMC_025_7_7_15_layer1,25,7/7/2015,521.5025324,1195.001849,363.7378119,234.2899684,-1.275097787
BMGMC_025_7_7_15_layer1,25,7/7/2015,1459.000045,1380.508392,327.2053109,196.6724872,1.476921183
BMGMC_025_7_7_15_layer1,25,7/7/2015,274.4929336,1482.996022,409.9613128,111.251383,1.460338074
BMGMC_025_7_7_15_layer2,25,7/7/2015,1468.494811,432.9988408,579.2963924,297.2141683,1.241289459
BMGMC_025_7_7_15_layer2,25,7/7/2015,1049.5,440.5,192.6841343,135.4750786,1.570796327
BMGMC_025_7_7_15_layer2,25,7/7/2015,355.5266557,930.2763286,684.4825148,389.0684231,-1.206970631
BMGMC_025_7_7_15_layer2,25,7/7/2015,826,1048,491.5407963,242.0656446,1.570796327
BMGMC_025_7_7_15_layer2,25,7/7/2015,1676.997163,1334.986952,407.5067673,226.2914047,-1.393368368
BMGMC_025_7_7_15_layer2,25,7/7/2015,1193.496721,1369.993561,446.6835716,249.9997931,1.38399529
BMGMC_025_7_7_15_layer3,25,7/7/2015,554.0029661,433.0036964,433.8844786,195.8934219,1.365344586
BMGMC_025_7_7_15_layer3,25,7/7/2015,917,578,333.721177,152.0736411,-1.326928597
BMGMC_025_7_7_15_layer3,25,7/7/2015,1392.501667,1035.99194,624.9893695,251.177464,-1.262835939
BMGMC_025_7_7_15_layer3,25,7/7/2015,714.6653902,1413.97761,412.2460007,201.4327885,-1.57052707
BMGMC_025_7_7_15_layer4,25,7/7/2015,1181.499674,959.0048076,332.1880081,145.3012468,1.286725508
